jobId,date,timestamp,baseline_mode,room_type,processing_mode,retry_attempt,final_outcome,opening_count_baseline,opening_count_candidate,opening_resize_pct,opening_visibility_reduction_pct,opening_relocation_pct_proxy,opening_issue_types,opening_hardFail,opening_pass,unified_score,unified_verdict,unified_hardFail,source_file
job_e0928fcd-9bba-437f-967a-5c9a919fc08e,2026-02-27,2026-02-27T11:44:34.848773794Z,unknown,bedroom,refresh,0,complete,,,,,,,,,0.525,pass,,logs.1772194742327.log
job_d14636ba-d858-4253-bad8-405873c1d026,2026-02-27,2026-02-27T11:54:58.659911618Z,unknown,bedroom,refresh,2,complete,,,,,,,,,0.62,pass,,logs.1772194742327.log
job_95f37c9c-fb6b-4825-929e-55ca8753dd30,2026-02-27,2026-02-27T11:54:59.344760068Z,unknown,unknown,unknown,0,complete,,,,,,,,,0.711,pass,,logs.1772194742327.log
job_d9b3c43b-2ff7-454a-9622-3e38594155d9,2026-02-27,2026-02-27T11:54:59.439425345Z,unknown,bedroom,refresh,1,complete,,,,,,,,,0.592,pass,,logs.1772194742327.log
job_da1c0344-2702-4af5-a899-dd4bef3210ad,2026-02-27,2026-02-27T11:54:59.439434309Z,unknown,bedroom,refresh,1,complete,,,,,,,,,0.659,pass,,logs.1772194742327.log
job_30dc0b20-8a42-4025-a464-27bbb4d40976,2026-02-27,2026-02-27T11:55:00.390726961Z,unknown,bedroom,refresh,3,complete,,,,,,,,,0.641,pass,,logs.1772194742327.log
job_965c172a-1182-43cb-8627-14094c56fa5a,2026-02-27,2026-02-27T11:55:07.426747879Z,unknown,unknown,refresh,0,complete,,,,,,,,,0.672,pass,,logs.1772194742327.log
job_7855f350-00a8-4e60-8336-865e4b4f9238,2026-02-27,2026-02-27T13:33:28.299682694Z,unknown,bedroom,refresh,0,complete,,,,,,,,,0.609,pass,,logs.1772199556579.log
job_18e742bd-3292-4ed2-9967-88cdcdec0a12,2026-02-27,2026-02-27T13:33:28.864079375Z,unknown,bedroom,refresh,3,complete,,,,,,,,,0.556,pass,,logs.1772199556579.log
job_2db4ab11-294a-410c-8d69-fc4b18998129,2026-02-27,2026-02-27T13:33:29.797838191Z,unknown,bedroom,refresh,2,complete,,,,,,,,,0.632,pass,,logs.1772199556579.log
job_f41868b3-4813-479d-90b7-2f3d9f6f3ed7,2026-02-27,2026-02-27T13:33:31.614561687Z,unknown,bedroom,refresh,0,complete,,,,,,,,,0.589,pass,,logs.1772199556579.log
job_4fdbea75-42df-4fd6-88d2-1645884728e7,2026-02-27,2026-02-27T13:33:31.616473772Z,unknown,bedroom,refresh,0,complete,,,,,,,,,0.691,pass,,logs.1772199556579.log
job_58f9c2e5-1daf-49ea-b91f-60c9525bfd9d,2026-02-27,2026-02-27T13:33:31.622053165Z,unknown,bedroom,refresh,2,complete,,,,,,,,,0.649,pass,,logs.1772199556579.log
job_b1cc2c29-739a-42fa-acdb-078fb1a92a5e,2026-02-27,2026-02-27T13:33:31.797242657Z,unknown,bedroom,refresh,1,complete,,,,,,,,,0.497,pass,,logs.1772199556579.log
job_cd096cbc-39e7-4d58-8320-2e6913d32338,2026-02-27,2026-02-27T13:33:32.218313381Z,unknown,bedroom,refresh,0,complete,,,,,,,,,0.614,pass,,logs.1772199556579.log
job_e09f3c89-46af-4390-bccf-cf9674531e39,2026-02-27,2026-02-27T13:33:32.219949657Z,unknown,bedroom,refresh,2,complete,,,,,,,,,0.709,pass,,logs.1772199556579.log
job_0ffd04ab-d678-464a-9ceb-646d9599c18c,2026-02-27,2026-02-27T13:33:32.327855217Z,unknown,bedroom,refresh,3,complete,,,,,,,,,0.626,pass,,logs.1772199556579.log
job_40a1cdc8-841e-4689-914a-1bfa9be6b6b8,2026-02-28,2026-02-28T08:07:19.325321957Z,unknown,bedroom,refresh,1,complete,,,,,,,,,0.639,pass,,logs.1772270789932.log
job_78d9a351-fbd2-4455-882e-bc715423d340,2026-02-28,2026-02-28T08:07:20.024740585Z,unknown,bedroom,unknown,0,complete,,,,,,,,,0.659,pass,,logs.1772270789932.log
job_ba94c3fe-92cd-4d7e-8250-229fb44832c1,2026-02-28,2026-02-28T08:07:20.893234084Z,unknown,bedroom,refresh,1,complete,,,,,,,,,0.618,pass,,logs.1772270789932.log
job_19467313-aa94-47a4-94e3-b9a3ecf209c0,2026-02-28,2026-02-28T08:07:27.328867056Z,unknown,unknown,refresh,0,complete,,,,,,,,,0.659,pass,,logs.1772270789932.log
job_2cf58c1c-02a6-4519-86d7-293c83f4c265,2026-02-28,2026-02-28T12:25:43.672197230Z,unknown,bedroom,refresh,0,complete,,,,,,,,,0.58,pass,,logs.1772282561406.log
job_a21c11cc-583b-4be9-bd54-cc57fbad0063,2026-02-28,2026-02-28T12:25:45.954611640Z,unknown,bedroom,refresh,1,complete,,,,,,,,,0.509,pass,,logs.1772282561406.log
job_b4cd5378-9e06-4608-9758-e3e0dab2b4e2,2026-02-28,2026-02-28T12:25:48.924924403Z,unknown,bedroom,refresh,0,complete,,,,,,,,,0.6,pass,,logs.1772282561406.log
job_c56d18ec-2556-4572-a29a-0f808c5a2024,2026-02-28,2026-02-28T12:25:50.129230897Z,unknown,unknown,refresh,0,complete,,,,,,,,,0.479,pass,,logs.1772282561406.log
job_f433184c-7ea2-450d-bf06-0bea1cd35991,2026-02-28,2026-02-28T12:25:53.501138342Z,unknown,bedroom,refresh,0,complete,,,,,,,,,0.531,pass,,logs.1772282561406.log
job_67dc80db-eb90-40ff-af1c-6e6f4fb8c84e,2026-02-28,2026-02-28T12:25:53.502510569Z,unknown,bedroom,refresh,0,complete,,,,,,,,,0.566,pass,,logs.1772282561406.log
job_bc849c67-bd2e-4146-b02b-78ee71f146d8,2026-02-28,2026-02-28T12:25:54.924250072Z,unknown,bedroom,refresh,1,complete,,,,,,,,,0.384,pass,,logs.1772282561406.log
job_d6915405-1925-4437-a85e-137d7b70ff38,2026-02-28,2026-02-28T12:25:54.938775927Z,unknown,bedroom,refresh,1,complete,,,,,,,,,0.643,pass,,logs.1772282561406.log
job_35b7c14d-abe7-4f70-b01b-e9f2a4bcefa8,2026-02-28,2026-02-28T13:00:08.893125290Z,unknown,bedroom,unknown,0,complete,,,,,,,,,0.686,pass,,logs.1772284444624.log
job_f079c910-1634-4cba-bec6-fc3bd6a727db,2026-02-28,2026-02-28T13:00:09.530512710Z,unknown,bedroom,refresh,0,complete,,,,,,,,,0.694,pass,,logs.1772284444624.log
job_57aaf844-7231-48f5-97f8-0dc8268e9d16,2026-02-28,2026-02-28T13:00:10.292369124Z,unknown,bedroom,refresh,1,complete,,,,,,,,,0.679,pass,,logs.1772284444624.log
job_308def49-8e7a-435e-99ce-022c1cbc699a,2026-02-28,2026-02-28T13:00:11.748737308Z,unknown,bedroom,refresh,0,complete,,,,,,,,,0.696,pass,,logs.1772284444624.log
job_b944eddf-0096-4164-9c18-2f6dbeea2d4f,2026-02-28,2026-02-28T13:00:13.801681975Z,unknown,bedroom,unknown,0,complete,,,,,,,,,0.688,pass,,logs.1772284444624.log
job_280f03a3-54c2-481c-9ca8-48f46fb19c3d,2026-02-28,2026-02-28T13:00:15.686092906Z,unknown,bedroom,refresh,1,complete,,,,,,,,,0.435,pass,,logs.1772284444624.log
job_f897f9ae-a3e3-4dcc-8ba4-c124da5d8514,2026-02-28,2026-02-28T13:00:15.691141340Z,unknown,bedroom,unknown,0,complete,,,,,,,,,0.642,pass,,logs.1772284444624.log
job_cfa8317f-82b4-495a-a1de-a8c0a34d6492,2026-02-28,2026-02-28T13:00:17.311521747Z,unknown,bedroom,refresh,1,complete,,,,,,,,,0.492,pass,,logs.1772284444624.log
job_19f4b6f0-356f-4724-841f-a52a00f7edb3,2026-02-28,2026-02-28T13:00:18.806578164Z,unknown,bedroom,unknown,1,complete,,,,,,,,,0.713,pass,,logs.1772284444624.log
job_4be04faf-02e1-42ee-904b-dc97d20d35a4,2026-02-28,2026-02-28T13:00:18.950859351Z,unknown,bedroom,refresh,1,complete,,,,,,,,,0.473,pass,,logs.1772284444624.log
job_5ea4658e-9572-4b12-b926-81c352912b56,2026-03-01,2026-03-01T06:35:53.151466467Z,unknown,bedroom,refresh,1,complete,,,,,,,,,0.658,pass,,logs.1772347514944.log
job_51c1b1d7-f7ad-4469-a550-29305b54435e,2026-03-01,2026-03-01T06:35:53.151914711Z,unknown,bedroom,refresh,0,complete,,,,,,,,,0.675,pass,,logs.1772347514944.log
job_e4a8b71f-87c8-4738-862c-b84be87648b7,2026-03-01,2026-03-01T06:35:56.248913513Z,unknown,bedroom,unknown,2,complete,,,,,,,,,0.726,pass,,logs.1772347514944.log
job_8dc366e1-9190-49c7-8956-920803dabed3,2026-03-01,2026-03-01T06:35:56.249068067Z,unknown,bedroom,refresh,0,complete,,,,,,,,,0.615,pass,,logs.1772347514944.log
job_362deb34-ecc6-4b40-9191-e116791e41d1,2026-03-01,2026-03-01T06:35:56.257310360Z,unknown,bedroom,refresh,0,complete,,,,,,,,,0.609,pass,,logs.1772347514944.log
job_1f4fad89-9d3e-4789-9e1d-781030a91326,2026-03-01,2026-03-01T06:36:02.968741230Z,unknown,bedroom,refresh,0,complete,,,,,,,,,0.695,pass,,logs.1772347514944.log
job_fa47df6f-c1ea-4b16-95a1-74a45c23538f,2026-03-01,2026-03-01T10:22:19.703956959Z,unknown,bedroom,refresh,0,complete,,,,,,,,,0.609,pass,,logs.1772360889179.log
job_65bd5f21-500b-4a38-a55c-07bc6639271b,2026-03-01,2026-03-01T10:22:23.593413620Z,unknown,bedroom,refresh,0,complete,,,,,,,,,0.558,pass,,logs.1772360889179.log
job_764d3d5c-4940-48b6-ba6b-9069628356ce,2026-03-01,2026-03-01T10:22:26.617668489Z,unknown,bedroom,unknown,1,complete,,,,,,,,,0.689,pass,,logs.1772360889179.log
job_b29c2295-97b0-4db8-ae1e-585e8dfb9527,2026-03-01,2026-03-01T11:25:05.138401200Z,unknown,bedroom,refresh,0,complete,,,,,,,,,0.655,pass,,logs.1772364706166.log
job_4e636e08-f0f3-4f7a-8051-a2674df5d19c,2026-03-01,2026-03-01T11:25:05.139517130Z,unknown,bedroom,refresh,0,complete,,,,,,,,,0.61,pass,,logs.1772364706166.log
job_61d317e5-bedc-40bd-b88d-b467acfe6f03,2026-03-01,2026-03-01T11:25:06.856623267Z,unknown,bedroom,unknown,1,complete,,,,,,,,,0.625,pass,,logs.1772364706166.log
job_59e001dd-af80-4dac-9bfa-a046ecb56560,2026-03-01,2026-03-01T11:25:08.546556413Z,unknown,bedroom,refresh,0,complete,,,,,,,,,0.584,pass,,logs.1772364706166.log
job_275a6bf4-959b-4224-bc27-625260229e97,2026-03-01,2026-03-01T12:02:00.865478259Z,unknown,bedroom,unknown,0,complete,,,,,,,,,0.618,pass,,logs.1772366666160.log
job_290d7c2e-a9ac-4680-822d-d7df0a264f5c,2026-03-01,2026-03-01T12:02:01.107085730Z,unknown,bedroom,refresh,1,complete,,,,,,,,,0.671,pass,,logs.1772366666160.log
job_9eb185ea-a559-4ad8-8406-b5be4e0ef0d8,2026-03-01,2026-03-01T12:02:01.218299432Z,unknown,bedroom,refresh,0,complete,,,,,,,,,0.607,pass,,logs.1772366666160.log
job_984a1724-72ae-4049-b0d6-149553b17b3d,2026-03-01,2026-03-01T12:02:01.335511850Z,unknown,bedroom,unknown,1,complete,,,,,,,,,0.616,pass,,logs.1772366666160.log
job_bb027788-b230-45de-8960-104957b21a0f,2026-03-01,2026-03-01T12:38:33.346705578Z,unknown,bedroom,refresh,0,complete,,,,,,,,,0.534,pass,,logs.1772369202121.log
job_4ac23055-d9ce-4aa9-a472-0371668f62c8,2026-03-01,2026-03-01T20:18:53.513132119Z,unknown,bedroom,refresh,0,complete,,,,,,,,,0.64,pass,,logs.1772397599631.log
job_4353ea04-7b74-439c-9f04-12f4ecea2c10,2026-03-01,2026-03-01T20:18:55.144960028Z,unknown,bedroom,refresh,1,complete,,,,,,,,,0.551,pass,,logs.1772397599631.log
job_3597a4d8-678f-4a3d-a00e-d539b3f299d5,2026-03-01,2026-03-01T20:18:57.604016897Z,unknown,bedroom,refresh,0,complete,,,,,,,,,0.655,pass,,logs.1772397599631.log
job_35bd90c2-a326-4305-9f8e-9bf56f12cfc2,2026-03-01,2026-03-01T20:19:02.304909439Z,unknown,bedroom,refresh,0,complete,,,,,,,,,0.616,pass,,logs.1772397599631.log
job_4fb8eb16-b625-4194-8ddd-c5251291915b,2026-03-01,2026-03-01T20:19:02.771055320Z,unknown,unknown,refresh,2,complete,,,,,,,,,0.664,pass,,logs.1772397599631.log
job_b1b76aa8-6d3e-4771-b910-62a77b28bacb,2026-03-01,2026-03-01T21:30:24.054311250Z,unknown,bedroom,refresh,0,complete,,,,,,,,,0.646,pass,,logs.1772400847398.log
job_43739776-66fc-4ed0-9dab-bdc9f1afe0c6,2026-03-01,2026-03-01T21:30:26.439254690Z,unknown,bedroom,refresh,0,complete,,,,,,,,,0.693,pass,,logs.1772400847398.log
job_964a00a2-b5c5-4bbd-a5b3-6ca6a5c84a9c,2026-03-01,2026-03-01T21:30:29.774066914Z,unknown,bedroom,refresh,0,complete,,,,,,,,,0.641,pass,,logs.1772400847398.log
job_ec6e2773-327a-4167-ad7e-4e995ac78847,2026-03-01,2026-03-01T21:30:30.639475149Z,unknown,bedroom,refresh,1,complete,,,,,,,,,0.561,pass,,logs.1772400847398.log
job_40bb0481-98a6-4e4e-acc7-b64ae5ba10cc,2026-03-01,2026-03-01T23:51:40.835093890Z,unknown,bedroom,refresh,0,complete,,,,,,opening_relocated,,,0.548,pass,,logs.1772409286003.log
job_7df388c8-2a77-4f11-95d2-1aedaf2274a2,2026-03-01,2026-03-01T23:51:44.194553303Z,unknown,bedroom,refresh,0,complete,,,,,,,,,0.644,pass,,logs.1772409286003.log
job_56be6cfa-7112-4f68-bec0-d403363f7f27,2026-03-01,2026-03-01T23:51:48.934051801Z,unknown,bedroom,refresh,0,complete,,,,,,opening_relocated,,,0.56,pass,,logs.1772409286003.log
job_34e41402-0b46-4244-b0b9-ec8feab1a7dd,2026-03-02,2026-03-02T01:05:04.406797728Z,unknown,bedroom,refresh,0,complete,,,,,,,,,0.637,pass,,logs.1772414227231.log
job_145e0e6b-301a-4540-94a9-0d5a8bff4627,2026-03-02,2026-03-02T01:05:07.412311650Z,unknown,bedroom,refresh,1,complete,,,,,,,,,0.623,pass,,logs.1772414227231.log
job_214427e8-0bb5-47e4-b50f-e5eb024efaaa,2026-03-02,2026-03-02T01:05:09.383090930Z,unknown,bedroom,refresh,0,complete,,,,,,,,,0.646,pass,,logs.1772414227231.log
job_38c4a2f7-ce10-4587-9898-069d15dd4ee8,2026-03-02,2026-03-02T01:05:11.769656804Z,unknown,bedroom,refresh,3,complete,,,,,,opening_relocated,,,0.699,pass,,logs.1772414227231.log
job_23d2abae-a3c8-4a11-ada4-f76811535c5a,2026-03-02,2026-03-02T03:07:23.544676032Z,unknown,unknown,refresh,2,failed,,,,,,,,,0.727,fail,,logs.1772421248483.log
job_c0993331-f631-447d-8197-a26ccd928731,2026-03-02,2026-03-02T03:07:23.861763148Z,unknown,unknown,refresh,1,complete,,,,,,,,,0.689,pass,,logs.1772421248483.log
job_6a80de52-fd92-4d69-8d4d-cedb1f7ef2c1,2026-03-02,2026-03-02T07:49:06.475340632Z,unknown,bedroom,refresh,0,complete,,,,,,,,,0.624,pass,,logs.1772438162392.log
job_e2c42bf6-151d-4a57-904f-b5708039c596,2026-03-02,2026-03-02T07:49:08.600128999Z,unknown,bedroom,refresh,2,complete,,,,,,opening_removed,,,0.647,pass,,logs.1772438162392.log
job_a0446bfb-cce4-49ae-8c45-96c3912cef53,2026-03-02,2026-03-02T07:49:10.280235635Z,unknown,bedroom,refresh,3,complete,,,,,,,,,0.497,pass,,logs.1772438162392.log
job_f7bd2809-5aa7-4366-b77f-ae534b57673c,2026-03-02,2026-03-02T07:49:14.545020000Z,unknown,bedroom,refresh,1,complete,,,,,,,,,0.623,pass,,logs.1772438162392.log
job_e095cd74-4e29-4e75-b9a8-75c026e16069,2026-03-02,2026-03-02T07:49:14.546131070Z,unknown,bedroom,unknown,2,complete,,,,,,,,,0.602,pass,,logs.1772438162392.log
job_8a4dfbc6-a5bc-42a2-baab-f2d5112a402b,2026-03-02,2026-03-02T07:49:14.550263033Z,unknown,bedroom,refresh,3,complete,,,,,,opening_removed,,,0.667,pass,,logs.1772438162392.log
job_af4ba9ba-834f-49c3-bdb8-ba7012a5d806,2026-03-02,2026-03-02T07:49:14.920958926Z,unknown,bedroom,unknown,3,complete,,,,,,,,,0.556,pass,,logs.1772438162392.log
job_d3afae3b-9899-44c0-b61e-f9c9e82c9f79,2026-03-02,2026-03-02T07:49:17.716965293Z,unknown,bedroom,unknown,2,complete,,,,,,,,,0.506,pass,,logs.1772438162392.log
job_a4fdbdf2-2145-4089-88ce-d5d21c17b7f1,2026-03-02,2026-03-02T21:09:09.835107242Z,unknown,bedroom,refresh,3,complete,,,,,,,,,0.595,pass,,logs.1772486035684.log
job_2bd43abf-3743-4c4e-887b-d84cfe87e494,2026-03-02,2026-03-02T21:09:09.841581283Z,unknown,bedroom,refresh,2,complete,,,,,,,,,0.551,pass,,logs.1772486035684.log
job_f7bf142a-b2ba-41d1-af58-e4dbc9041db0,2026-03-02,2026-03-02T21:09:10.101886737Z,unknown,unknown,refresh,3,failed,,,,,,,,,0.49,fail,,logs.1772486035684.log
job_02298ccd-d0d1-4a86-8a0f-c4174960b132,2026-03-02,2026-03-02T21:09:11.715470968Z,unknown,bedroom,refresh,3,complete,,,,,,,,,0.62,pass,,logs.1772486035684.log
job_e1d93ab4-25d0-4c5d-bc21-af8f786d304e,2026-03-02,2026-03-02T21:09:11.947663297Z,unknown,bedroom,unknown,3,complete,,,,,,opening_removed,,,0.606,pass,,logs.1772486035684.log
job_f0dff8e4-4964-4f40-abb8-49d00b4f435c,2026-03-02,2026-03-02T21:09:11.953918015Z,unknown,bedroom,refresh,3,complete,,,,,,,,,0.671,pass,,logs.1772486035684.log
job_836c01ef-94a8-4fd3-a6dd-f701109df699,2026-03-02,2026-03-02T22:52:34.811949684Z,unknown,bedroom,refresh,0,complete,,,,,,opening_removed,,,0.577,pass,,logs.1772492374884.log
job_0f54ff31-655d-42f5-874a-dacec13952a7,2026-03-02,2026-03-02T22:52:36.483004521Z,unknown,bedroom,refresh,0,complete,,,,,,opening_removed,,,0.651,pass,,logs.1772492374884.log
job_f32b645f-2c75-454d-8252-c67e936f68a3,2026-03-02,2026-03-02T22:52:37.593307854Z,unknown,bedroom,refresh,3,complete,,,,,,,,,0.58,pass,,logs.1772492374884.log
job_db986afa-0c72-458b-9b23-f396cb9fe76e,2026-03-02,2026-03-02T22:52:40.286215425Z,unknown,bedroom,refresh,0,complete,,,,,,,,,0.635,pass,,logs.1772492374884.log
job_245c8e02-759a-4282-bd50-595338882c68,2026-03-02,2026-03-02T22:52:40.295238370Z,unknown,unknown,unknown,0,failed,,,,,,opening_removed,,,0.454,fail,,logs.1772492374884.log
job_9d5719b9-031e-4e58-89e5-a2db0b0e4dc1,2026-03-02,2026-03-02T22:52:41.736785251Z,unknown,unknown,refresh,0,failed,,,,,,,,,0.633,fail,,logs.1772492374884.log
job_8147c3f5-30af-478b-9082-8e62917dd981,2026-03-03,2026-03-03T00:09:52.490028130Z,unknown,bedroom,refresh,0,complete,,,,,,,,,0.661,pass,,logs.1772496794245.log
job_863af026-4334-4630-9285-c7f544a480a1,2026-03-03,2026-03-03T00:09:52.492587987Z,unknown,bedroom,refresh,0,complete,,,,,,,,,0.627,pass,,logs.1772496794245.log
job_65114baf-4262-4741-bf6d-9fc8e45684a5,2026-03-03,2026-03-03T00:09:55.552881126Z,unknown,bedroom,refresh,3,complete,,,,,,,,,0.69,pass,,logs.1772496794245.log
job_79628273-8bdb-4ad3-be00-4d67e87e403a,2026-03-03,2026-03-03T00:09:55.805980808Z,unknown,bedroom,refresh,0,complete,,,,,,,,,0.641,pass,,logs.1772496794245.log
job_920feea6-597b-4a37-a08b-a982375cceb2,2026-03-03,2026-03-03T00:09:56.153613277Z,unknown,bedroom,refresh,0,complete,,,,,,,,,0.675,pass,,logs.1772496794245.log
job_cd144ead-7615-4955-84e8-20d44560f8ec,2026-03-03,2026-03-03T00:09:56.371091736Z,unknown,unknown,unknown,3,unknown,,,,,,opening_removed,,,0.493,pass,,logs.1772496794245.log
job_b62df26d-11fc-4d83-bfca-a70c44c6732c,2026-03-03,2026-03-03T01:55:55.733616292Z,unknown,bedroom,refresh,2,complete,,,,,,opening_removed,,,0.66,pass,,logs.1772503215575.log
job_dfd37218-6a99-40c5-8645-8114ed467eae,2026-03-03,2026-03-03T01:55:56.208981610Z,unknown,unknown,refresh,1,complete,,,,,,,,,0.593,pass,,logs.1772503215575.log
job_a714b665-36eb-433b-8ad5-ac3596e6c92f,2026-03-03,2026-03-03T01:55:56.575971248Z,unknown,bedroom,refresh,0,complete,,,,,,,,,0.623,pass,,logs.1772503215575.log
job_903d3b79-222d-47cb-9536-33818994dc73,2026-03-03,2026-03-03T01:55:57.653787423Z,unknown,bedroom,unknown,0,complete,,,,,,,,,0.656,pass,,logs.1772503215575.log
job_c4fc4d02-31cf-4409-9362-355154fec137,2026-03-03,2026-03-03T01:55:57.716912961Z,unknown,bedroom,refresh,0,complete,,,,,,opening_removed,,,0.546,pass,,logs.1772503215575.log
job_d76f1fdc-6db4-4d6d-9fc2-3294435e1c4f,2026-03-03,2026-03-03T01:55:58.349371032Z,unknown,bedroom,refresh,2,complete,,,,,,,,,0.585,pass,,logs.1772503215575.log
job_88f66c67-82ab-46b9-88cb-b3fc24168890,2026-03-03,2026-03-03T03:11:55.943307160Z,unknown,bedroom,refresh,0,complete,,,,,,,,,0.594,pass,,logs.1772508998381.log
job_2609bc35-742b-4691-a883-87cd7cd1b87e,2026-03-03,2026-03-03T03:11:56.923231549Z,unknown,bedroom,refresh,0,complete,,,,,,opening_removed,,,0.654,pass,,logs.1772508998381.log
job_6a73c044-c732-4f0c-9b90-7a4f8fadcc9d,2026-03-03,2026-03-03T03:11:58.475013190Z,unknown,bedroom,unknown,0,complete,,,,,,,,,0.575,pass,,logs.1772508998381.log
job_70d64259-7ce6-4933-a1e2-42ffc541e8ad,2026-03-03,2026-03-03T03:11:59.968270528Z,unknown,bedroom,refresh,0,complete,,,,,,,,,0.645,pass,,logs.1772508998381.log
job_56034d7c-16d5-4f2d-99d4-199941f2acf6,2026-03-03,2026-03-03T03:12:00.696847247Z,unknown,bedroom,refresh,2,complete,,,,,,opening_removed,,,0.706,pass,,logs.1772508998381.log
job_b3f8d76d-705e-4569-ab76-8849cd94edb9,2026-03-03,2026-03-03T03:12:00.930982233Z,unknown,bedroom,refresh,1,complete,,,,,,,,,0.68,pass,,logs.1772508998381.log
job_d3230ce1-3385-4713-ae77-96a66dd05367,2026-03-03,2026-03-03T03:12:01.565691973Z,unknown,bedroom,refresh,1,complete,,,,,,,,,0.59,pass,,logs.1772508998381.log
job_c113d590-b059-4808-8098-4dcc6638b6c8,2026-03-03,2026-03-03T03:12:01.590495354Z,unknown,bedroom,refresh,2,complete,,,,,,opening_removed,,,0.612,pass,,logs.1772508998381.log
job_08283f9a-4683-4dd6-a05d-18c37d787113,2026-03-03,2026-03-03T03:12:03.020769123Z,unknown,bedroom,refresh,0,complete,,,,,,opening_removed,,,0.591,pass,,logs.1772508998381.log
job_dc055165-17ab-4252-88d4-7aca2debf325,2026-03-03,2026-03-03T03:12:03.228496906Z,unknown,bedroom,refresh,1,complete,,,,,,,,,0.468,pass,,logs.1772508998381.log
job_fe50eb56-1926-47a3-8f95-a42c73d621d8,2026-03-03,2026-03-03T03:12:03.236804108Z,unknown,bedroom,refresh,0,complete,,,,,,,,,0.514,pass,,logs.1772508998381.log
job_040a9cc2-4088-4e8a-8d04-dfcfb129ae76,2026-03-03,2026-03-03T03:12:03.254544805Z,unknown,bedroom,refresh,2,complete,,,,,,,,,0.636,pass,,logs.1772508998381.log
job_f103aa11-3152-4e27-8206-362d3036e3ad,2026-03-03,2026-03-03T03:12:03.700977104Z,unknown,bedroom,refresh,0,complete,,,,,,,,,0.662,pass,,logs.1772508998381.log
job_583cbae6-17d9-44a5-ae2c-b09f1651b6c4,2026-03-03,2026-03-03T03:12:04.556651416Z,unknown,bedroom,refresh,0,complete,,,,,,,,,0.702,pass,,logs.1772508998381.log
job_827c84fa-1321-4a4f-9ae7-09098fd51e33,2026-03-03,2026-03-03T04:20:16.028444013Z,unknown,bedroom,refresh,1,complete,,,,,,,,,0.642,pass,,logs.1772524083275.log
job_11f4634c-a16b-4d45-870a-fd758e8cace4,2026-03-03,2026-03-03T04:20:16.515477150Z,unknown,bedroom,refresh,2,complete,,,,,,opening_removed,,,0.637,pass,,logs.1772524083275.log
job_84c8dc0d-efd3-4f7c-8494-0652fceacb13,2026-03-03,2026-03-03T04:20:16.553065220Z,unknown,unknown,refresh,0,unknown,,,,,,opening_removed,,,0.471,fail,,logs.1772524083275.log
job_708ea2c3-950d-496f-aed3-65a7f8d935d9,2026-03-03,2026-03-03T04:20:16.855954060Z,unknown,bedroom,unknown,3,complete,,,,,,opening_removed,,,0.665,pass,,logs.1772524083275.log
job_34e815d4-700a-4ab6-81b8-d220c3c9a29a,2026-03-03,2026-03-03T04:20:17.977733127Z,unknown,bedroom,refresh,1,complete,,,,,,,,,0.715,pass,,logs.1772524083275.log
job_90fc6ecd-8d7f-4aa3-8069-5efe702746c3,2026-03-03,2026-03-03T08:13:32.848885107Z,unknown,bedroom,refresh,1,complete,,,,,,opening_removed,,,0.612,pass,,logs.1772525977906.log
job_c061a994-3b5e-4612-83dc-d828a0f01dbb,2026-03-03,2026-03-03T08:13:32.851486713Z,unknown,bedroom,refresh,0,complete,,,,,,opening_removed,,,0.614,pass,,logs.1772525977906.log
job_92423520-8cd3-4f7d-af15-51494be630d6,2026-03-03,2026-03-03T08:13:35.373620730Z,unknown,bedroom,refresh,1,complete,,,,,,,,,0.621,pass,,logs.1772525977906.log
job_62b2864c-d890-4eea-b9b4-35004c03b42c,2026-03-03,2026-03-03T08:13:35.381400456Z,unknown,bedroom,refresh,1,complete,,,,,,,,,0.687,pass,,logs.1772525977906.log
job_77c2afa1-ee36-467f-ae83-fe235bde8a1e,2026-03-03,2026-03-03T08:13:35.391774584Z,unknown,bedroom,refresh,0,complete,,,,,,opening_removed,,,0.456,pass,,logs.1772525977906.log
job_22e45606-d5e3-49b4-8bc2-6405a83e865d,2026-03-03,2026-03-03T08:13:38.463417118Z,unknown,bedroom,unknown,0,complete,,,,,,opening_removed,,,0.689,pass,,logs.1772525977906.log
job_68201aaa-4946-4aa5-becd-ef0a78741b14,2026-03-03,2026-03-03T08:13:38.464422504Z,unknown,unknown,refresh,0,failed,,,,,,opening_removed,,,0.702,fail,,logs.1772525977906.log
job_a66b0ce7-27bd-4928-83ac-e79fd7e9b42b,2026-03-03,2026-03-03T09:40:48.566411095Z,unknown,bedroom,refresh,0,complete,,,,,,opening_removed,,,0.574,pass,,logs.1772531124773.log
job_d8e229bb-3dfc-4c6c-96d0-9557e6a6e056,2026-03-03,2026-03-03T09:40:49.584313665Z,unknown,bedroom,refresh,3,complete,,,,,,opening_removed,,,0.65,pass,,logs.1772531124773.log
job_1caa50b4-b8f2-4e49-ae5c-0c1574bb1209,2026-03-03,2026-03-03T09:40:51.143480366Z,unknown,bedroom,unknown,0,complete,,,,,,,,,0.638,pass,,logs.1772531124773.log
job_5ed3491c-9f18-4083-a1eb-543eb3c28ff8,2026-03-03,2026-03-03T09:40:52.117600085Z,unknown,unknown,refresh,3,failed,,,,,,opening_removed,,,0.539,fail,,logs.1772531124773.log
job_9b58e937-eb24-49c8-b36c-e149789f2aef,2026-03-03,2026-03-03T09:40:54.232526534Z,unknown,bedroom,refresh,3,complete,,,,,,opening_removed,,,0.612,pass,,logs.1772531124773.log
job_dfe2a4f0-698e-4fe4-a324-c2959775ffc9,2026-03-03,2026-03-03T09:40:54.242358478Z,unknown,unknown,refresh,3,unknown,,,,,,opening_removed,,,0.665,pass,,logs.1772531124773.log
job_1173c887-f6db-497f-851f-9d7abbb57bc1,2026-03-03,2026-03-03T09:40:55.756675104Z,unknown,bedroom,refresh,0,complete,,,,,,,,,0.568,pass,,logs.1772531124773.log
job_dd20aa2d-25c8-4135-baf6-cf45d1ca8785,2026-03-03,2026-03-03T09:40:55.763882667Z,unknown,unknown,refresh,3,failed,,,,,,opening_removed,,,0.526,fail,,logs.1772531124773.log
job_09284be0-8506-4d35-ba9b-a4dc4001171d,2026-03-03,2026-03-03T11:13:57.827508477Z,unknown,bedroom,refresh,1,complete,,,,,,,,,0.615,pass,,logs.1772536741636.log
job_c8ec53c4-dece-47f1-be28-107f385eef4f,2026-03-03,2026-03-03T11:13:57.832986353Z,unknown,unknown,refresh,0,failed,,,,,,,,,0.652,fail,,logs.1772536741636.log
job_35d85bd3-18f4-4c69-9f3f-abe2bd446fd8,2026-03-03,2026-03-03T11:13:59.231481386Z,unknown,bedroom,refresh,0,complete,,,,,,,,,0.58,pass,,logs.1772536741636.log
job_a786b599-ec1c-4b96-a029-b12083bff084,2026-03-03,2026-03-03T11:13:59.239340231Z,unknown,unknown,unknown,1,failed,,,,,,opening_removed,,,0.462,fail,,logs.1772536741636.log
job_4ac47cff-16d2-4087-95a2-0be4976e3949,2026-03-03,2026-03-03T11:14:01.134735060Z,unknown,bedroom,refresh,3,complete,,,,,,opening_removed,,,0.625,pass,,logs.1772536741636.log
job_77f8133c-5151-4815-bd40-918d0529980e,2026-03-03,2026-03-03T11:14:01.141614121Z,unknown,bedroom,refresh,0,complete,,,,,,opening_removed,,,0.689,pass,,logs.1772536741636.log
job_4d9505b4-e6ee-4398-8562-401c39356075,2026-03-03,2026-03-03T11:14:02.665978368Z,unknown,bedroom,refresh,0,complete,,,,,,opening_removed,,,0.682,pass,,logs.1772536741636.log
job_67aae70f-abd1-4e4a-bd2d-e39b9a9a87ab,2026-03-03,2026-03-03T11:56:54.975096284Z,unknown,bedroom,refresh,0,complete,,,,,,opening_removed,,,0.918,pass,,logs.1772539438371.log
job_46558f1e-444f-47a3-bbef-187a57278488,2026-03-03,2026-03-03T11:56:56.216723667Z,unknown,bedroom,refresh,0,complete,,,,,,opening_removed,,,0.865,pass,,logs.1772539438371.log
job_2736abe3-0d47-48e7-b8e6-fdce04c8c5ec,2026-03-03,2026-03-03T11:56:56.274555398Z,unknown,bedroom,refresh,0,complete,,,,,,opening_removed,,,0.871,pass,,logs.1772539438371.log
job_f5d971bd-82b9-450c-ab2a-2ffcbb74aa97,2026-03-03,2026-03-03T11:56:56.275745266Z,unknown,bedroom,refresh,1,complete,,,,,,,,,0.845,pass,,logs.1772539438371.log
job_a36b2c0d-d3ec-4a95-a140-404aa48a6f3c,2026-03-03,2026-03-03T11:56:56.290454609Z,unknown,bedroom,unknown,2,complete,,,,,,opening_removed,,,0.862,pass,,logs.1772539438371.log
job_368a165d-76f4-495c-89c2-a66537434037,2026-03-03,2026-03-03T11:56:58.159497666Z,unknown,bedroom,refresh,2,complete,,,,,,opening_removed,,,0.737,pass,,logs.1772539438371.log
job_1796e32e-35d3-4aec-85df-0cf9a7ebe75b,2026-03-03,2026-03-03T11:56:58.166286759Z,unknown,unknown,refresh,0,failed,,,,,,opening_removed,,,0.854,fail,,logs.1772539438371.log
job_3b8caaf5-4fa2-42eb-9d10-a436f8d6f73f,2026-03-03,2026-03-03T11:57:06.202598279Z,unknown,bedroom,refresh,3,complete,,,,,,opening_removed,,,0.813,pass,,logs.1772539438371.log
job_613f20e7-82e7-44af-81a1-a0afc793125d,2026-03-03,2026-03-03T11:58:36.720880561Z,unknown,bedroom,unknown,0,complete,,,,,,opening_removed,,,0.856,pass,,logs.1772539438371.log
job_4925c45c-1c85-459d-b876-9553fbbb5317,2026-03-03,2026-03-03T11:58:37.334522255Z,unknown,bedroom,unknown,1,complete,,,,,,opening_removed,,,0.884,pass,,logs.1772539438371.log
job_db3613d0-d90a-4dea-b19d-60126d7e2fd7,2026-03-03,2026-03-03T11:58:37.698917509Z,unknown,unknown,refresh,3,failed,,,,,,opening_removed,,,0.544,fail,,logs.1772539438371.log
job_55791d1c-1d16-4db2-bef5-6a3a0ec4dcf8,2026-03-03,2026-03-03T11:58:38.973416143Z,unknown,unknown,refresh,1,complete,,,,,,,,,0.774,pass,,logs.1772539438371.log
job_00eec5c7-01b4-437f-9da5-fbd56d65a4ad,2026-03-03,2026-03-03T11:58:39.818279027Z,unknown,bedroom,refresh,0,complete,,,,,,opening_removed,,,0.799,pass,,logs.1772539438371.log
job_f69e03f9-10cc-45e1-a156-d37b9db6c1b1,2026-03-03,2026-03-03T11:58:41.135841825Z,unknown,bedroom,refresh,0,complete,,,,,,opening_removed,,,0.821,pass,,logs.1772539438371.log
job_022e943a-740e-4df3-ae36-f566a0f77cf0,2026-03-03,2026-03-03T11:58:41.789464628Z,unknown,bedroom,refresh,0,complete,,,,,,opening_removed,,,0.914,pass,,logs.1772539438371.log
job_f895f939-0d63-407f-9604-a16a1b9e5f5b,2026-03-03,2026-03-03T11:58:42.333969962Z,unknown,unknown,refresh,0,failed,,,,,,opening_removed,,,0.452,fail,,logs.1772539438371.log
job_3855c728-603c-47ab-a441-2199db9d5693,2026-03-03,2026-03-03T12:29:05.527443201Z,unknown,unknown,refresh,0,complete,,,,,,opening_removed,,,0.796,pass,,logs.1772541897220.log
job_911e9472-6995-4cb9-81f7-fa1487b4dcc9,2026-03-03,2026-03-03T12:29:09.002184829Z,unknown,bedroom,refresh,0,complete,,,,,,opening_removed,,,0.893,pass,,logs.1772541897220.log
job_b05372fe-b32f-4ec4-a770-61d046e6553d,2026-03-03,2026-03-03T12:29:09.012097531Z,unknown,bedroom,refresh,1,complete,,,,,,opening_removed,,,0.903,pass,,logs.1772541897220.log
job_abb50564-1698-4ae9-9a20-d61c7952cbfa,2026-03-03,2026-03-03T12:29:09.693141022Z,unknown,bedroom,refresh,0,complete,,,,,,opening_removed,,,0.797,pass,,logs.1772541897220.log
job_3b3d520e-0518-4bfc-a387-76d99de96cc2,2026-03-03,2026-03-03T20:47:28.759074505Z,unknown,bedroom,refresh,0,complete,,,,,,opening_removed,,,0.776,pass,,logs.1772571078672.log
job_d7a5a303-d2bd-494a-a3f4-dc0718527310,2026-03-03,2026-03-03T20:47:30.394225409Z,unknown,bedroom,refresh,2,complete,,,,,,opening_removed,,,0.791,pass,,logs.1772571078672.log
job_5ed52592-421d-461a-94d8-4abeadd57b1b,2026-03-03,2026-03-03T20:47:31.309137923Z,unknown,bedroom,refresh,0,complete,,,,,,,,,0.893,pass,,logs.1772571078672.log
job_3dba4589-365b-4e6c-a354-bff161c8c942,2026-03-03,2026-03-03T20:47:31.999888802Z,unknown,bedroom,refresh,1,complete,,,,,,,,,0.792,pass,,logs.1772571078672.log
job_ec87984a-6bb6-4f06-b291-688b73c765a0,2026-03-03,2026-03-03T20:47:34.034586338Z,unknown,bedroom,refresh,1,complete,,,,,,,,,0.539,pass,,logs.1772571078672.log
job_08f58775-90d6-4433-a84c-3588fa917a88,2026-03-03,2026-03-03T23:03:08.563368307Z,unknown,bedroom,refresh,0,complete,,,,,,,,,0.857,pass,,logs.1772579704927.log
job_149cc163-03ef-4614-a2b5-71ef708cf162,2026-03-03,2026-03-03T23:03:10.229894091Z,unknown,bedroom,refresh,0,complete,,,,,,,,,0.913,pass,,logs.1772579704927.log
job_66c66bcc-5019-4e02-8f2f-efac866585d9,2026-03-03,2026-03-03T23:03:10.583966682Z,unknown,unknown,refresh,3,failed,,,,,,opening_removed,,,0.714,pass,,logs.1772579704927.log
job_f6a3bc83-9003-4a4c-abaf-b43fed9bba41,2026-03-03,2026-03-03T23:03:11.623701761Z,unknown,bedroom,refresh,0,complete,,,,,,opening_removed,,,0.87,pass,,logs.1772579704927.log
job_bb06eb07-8974-4c10-8022-58523ad69cc8,2026-03-03,2026-03-03T23:03:12.614967497Z,unknown,bedroom,refresh,0,complete,,,,,,,,,0.842,pass,,logs.1772579704927.log
job_260202ff-6e04-4652-82da-d498e9fe3c41,2026-03-03,2026-03-03T23:10:42.582106759Z,unknown,unknown,refresh,0,failed,,,,,,,,,0.927,fail,,logs.1772579704927.log
job_24b02873-e94a-45a5-b3a5-ec6d9c137203,2026-03-03,2026-03-03T23:10:42.637509570Z,unknown,living_room,refresh,1,complete,,,,,,,,,0.7,pass,,logs.1772579704927.log
job_21140c7a-e28c-47b0-a402-24d36803c17c,2026-03-03,2026-03-03T23:10:47.553550770Z,unknown,unknown,refresh,0,failed,,,,,,opening_removed,,,0.465,fail,,logs.1772579704927.log
job_bac5f1a7-1490-40a9-b66a-cae344418523,2026-03-04,2026-03-04T00:15:32.731017251Z,unknown,unknown,refresh,0,failed,,,,,,opening_removed,,,0.545,fail,,logs.1772583786333.log
job_c376434a-db60-421a-9c77-b9a81219d759,2026-03-04,2026-03-04T00:15:34.902787425Z,unknown,living_room,refresh,0,complete,,,,,,,,,0.874,pass,,logs.1772583786333.log
job_0df17238-2bdd-4300-aeaa-0a8449efa48d,2026-03-04,2026-03-04T02:21:54.821993706Z,unknown,bedroom,unknown,1,complete,,,,,,,,,0.869,pass,,logs.1772591396353.log
job_9825d55c-8c6f-4e3e-a333-84ce7c0db23e,2026-03-04,2026-03-04T02:21:54.935238502Z,unknown,bedroom,refresh,0,complete,,,,,,,,,0.916,pass,,logs.1772591396353.log
job_a70d6a4b-4f79-4594-b777-54f4b806c697,2026-03-04,2026-03-04T02:21:55.435573788Z,unknown,unknown,refresh,0,unknown,,,,,,opening_removed,,,0.806,fail,,logs.1772591396353.log
job_baf923ee-0e3f-4a9a-9280-44c49f58d9fd,2026-03-04,2026-03-04T02:21:55.551953725Z,unknown,bedroom,unknown,0,complete,,,,,,,,,0.915,pass,,logs.1772591396353.log
job_26b3ae74-699b-41b1-8f59-e97226314f94,2026-03-05,2026-03-05T00:00:29.106116835Z,unknown,bedroom,refresh,0,complete,,,,,,opening_removed,,,0.78,pass,,logs.1772673145825.log
job_c20d393d-8dae-44e7-833f-13177204fb92,2026-03-05,2026-03-05T00:00:35.207256607Z,unknown,unknown,refresh,0,complete,,,,,,opening_removed,,,0.754,pass,,logs.1772673145825.log
job_f8afe6a5-b080-42e7-800f-6af143e3a92f,2026-03-05,2026-03-05T00:00:35.215809012Z,unknown,bedroom,refresh,1,complete,,,,,,,,,0.81,pass,,logs.1772673145825.log
job_dc060a66-4015-4378-b218-3fd2a2f6e69a,2026-03-05,2026-03-05T00:00:36.809815665Z,unknown,bedroom,refresh,0,complete,,,,,,,,,0.889,pass,,logs.1772673145825.log
job_7128e9fe-7b96-43a8-88a9-ce4fd86a9d64,2026-03-05,2026-03-05T03:42:21.759408047Z,unknown,bedroom,refresh,0,complete,,,,,,,,,0.842,pass,,logs.1772691024842.log
job_eadfd4e3-150d-4852-8c82-e1b8497ffcd1,2026-03-05,2026-03-05T03:42:22.452664923Z,unknown,bedroom,unknown,2,complete,,,,,,,,,0.888,pass,,logs.1772691024842.log
job_0470f8c8-f866-438f-80db-ce5a13517f89,2026-03-05,2026-03-05T03:42:22.462000017Z,unknown,bedroom,refresh,1,complete,,,,,,,,,0.638,pass,,logs.1772691024842.log
job_f3e1fb25-bd78-4fa3-9191-8f4aa7cd4817,2026-03-05,2026-03-05T03:42:23.358824775Z,unknown,bedroom,refresh,0,complete,,,,,,opening_removed,,,0.87,pass,,logs.1772691024842.log
job_e16a9e35-056b-4918-858f-8f0bca240255,2026-03-05,2026-03-05T03:42:23.713364163Z,unknown,bedroom,refresh,0,complete,,,,,,,,,0.773,pass,,logs.1772691024842.log
job_1963917e-c5f7-4d54-9fd9-0f9958c8401b,2026-03-05,2026-03-05T03:42:24.596590092Z,unknown,bedroom,unknown,2,complete,,,,,,,,,0.856,pass,,logs.1772691024842.log
job_b5954574-887c-437a-b4f2-d95be89ef978,2026-03-05,2026-03-05T03:42:24.842828024Z,unknown,bedroom,refresh,0,complete,,,,,,opening_removed,,,0.829,pass,,logs.1772691024842.log
job_510aeccf-c0a3-4fec-85cc-dadfa46a9a98,2026-03-05,2026-03-05T03:42:24.856375800Z,unknown,bedroom,refresh,2,complete,,,,,,,,,0.79,pass,,logs.1772691024842.log
job_697007a8-49e2-4a83-b4df-c4b54d0e14a1,2026-03-05,2026-03-05T03:42:24.872346002Z,unknown,bedroom,refresh,1,complete,,,,,,,,,0.835,pass,,logs.1772691024842.log
job_2ce1f9fb-892d-4580-98a0-f5d1a58d7c6b,2026-03-05,2026-03-05T03:42:25.116933909Z,unknown,bedroom,refresh,0,complete,,,,,,,,,0.87,pass,,logs.1772691024842.log
job_e9f5a4ce-4f81-4304-b343-7bcf0895d6a5,2026-03-05,2026-03-05T03:42:26.139253752Z,unknown,bedroom,refresh,0,complete,,,,,,opening_removed,,,0.887,pass,,logs.1772691024842.log
job_29c0cfcf-287e-48f1-96b4-20f2febb33b0,2026-03-05,2026-03-05T03:42:26.715936652Z,unknown,bedroom,refresh,2,complete,,,,,,,,,0.918,pass,,logs.1772691024842.log
job_fad7dcf7-207e-49d8-835d-e8002515b499,2026-03-05,2026-03-05T06:46:28.591103080Z,unknown,living_room,refresh,1,complete,,,,,,,,,0.935,pass,,logs.1772694399388.log
job_dc078322-bc71-41a8-ac07-f3331261db9d,2026-03-05,2026-03-05T06:46:30.686060158Z,unknown,living_room,refresh,1,complete,,,,,,,,,0.835,pass,,logs.1772694399388.log
job_f16a8680-a200-49f0-9a80-ee13dbdb0572,2026-03-05,2026-03-05T06:46:32.776520730Z,unknown,living_dining,refresh,1,complete,,,,,,,,,0.939,pass,,logs.1772694399388.log
job_a64c5f16-852f-4276-9e99-16a738b6b92e,2026-03-05,2026-03-05T06:46:33.748669447Z,unknown,living_room,unknown,0,complete,,,,,,opening_removed,,,0.913,pass,,logs.1772694399388.log
job_d1233173-f0b5-4429-b51d-b4d978167eba,2026-03-05,2026-03-05T06:46:35.858349050Z,unknown,living_dining,refresh,3,complete,,,,,,opening_removed,,,0.84,pass,,logs.1772694399388.log
job_33e82dd4-1450-4dc2-98ad-cbe475ca58c1,2026-03-05,2026-03-05T06:46:36.033933112Z,unknown,living_room,refresh,0,complete,,,,,,,,,0.885,pass,,logs.1772694399388.log
job_0d4057be-eb16-4c87-8100-d6a64d8936fa,2026-03-05,2026-03-05T06:46:36.044213397Z,unknown,living_room,refresh,0,complete,,,,,,,,,0.912,pass,,logs.1772694399388.log
job_11e922aa-59a9-4b2c-9d29-e1718075e1b3,2026-03-05,2026-03-05T06:46:36.054047350Z,unknown,living_room,refresh,0,complete,,,,,,,,,0.952,pass,,logs.1772694399388.log
job_4f1272f7-ad9e-482b-8a3b-e4a86c2eb9da,2026-03-05,2026-03-05T06:46:36.065200736Z,unknown,living_dining,refresh,0,complete,,,,,,,,,0.86,pass,,logs.1772694399388.log
job_f4576f0c-417d-4af6-833a-0d2ebb46418d,2026-03-05,2026-03-05T23:22:18.954347526Z,unknown,bedroom,refresh,0,complete,,,,,,,,,0.763,pass,,logs.1772754125602.log
job_3b68bae6-641b-49fc-be35-f70a6f723a7d,2026-03-05,2026-03-05T23:22:20.944750172Z,unknown,bedroom,refresh,0,complete,,,,,,,,,0.789,pass,,logs.1772754125602.log
job_c072e28b-db30-40cf-9eb0-bb4b2ae96e75,2026-03-05,2026-03-05T23:22:25.476611909Z,unknown,bedroom,refresh,0,complete,,,,,,opening_removed|opening_resized,,,0.917,pass,,logs.1772754125602.log
job_d9cb10cc-f6fc-418a-961c-c2710f05177c,2026-03-05,2026-03-05T23:22:26.479852275Z,unknown,unknown,refresh,0,failed,,,,,,opening_removed,,,0.822,fail,,logs.1772754125602.log
job_ed9e8399-f677-4cce-8f63-8b8d1e879c04,2026-03-07,2026-03-07T06:45:10.204909089Z,unknown,unknown,refresh,0,failed,,,,,,opening_removed,,,0.929,fail,,logs.1772866606064.log
job_35974777-9660-4249-bb28-aa90a60518dd,2026-03-07,2026-03-07T06:45:13.451683023Z,unknown,unknown,refresh,3,failed,,,,,,,,,0.704,fail,,logs.1772866606064.log
job_c7efe746-c2c9-4027-8738-d4674726e42f,2026-03-07,2026-03-07T06:45:15.594804402Z,unknown,unknown,refresh,3,failed,,,,,,opening_removed,,,0.919,pass,,logs.1772866606064.log
job_70990c8f-74ab-4c89-8b56-e49e5df776b9,2026-03-07,2026-03-07T06:51:06.375908692Z,unknown,living_room,refresh,0,complete,,,,,,opening_removed,,,0.844,pass,,logs.1772866606064.log
job_a8ecece4-ae37-4d59-8e57-2b62164f85a2,2026-03-07,2026-03-07T06:51:09.168418673Z,unknown,bedroom,refresh,0,complete,,,,,,,,,0.679,pass,,logs.1772866606064.log
job_8c64e4bd-3f1e-427c-a07b-52249d54ab66,2026-03-07,2026-03-07T20:49:45.031577668Z,unknown,unknown,unknown,0,complete,,,,,,opening_removed,,,0.84,pass,,logs.1772916939343.log
job_5b24f5c7-1bb3-4b2f-ae30-ef530b45d7cd,2026-03-07,2026-03-07T20:49:45.885505936Z,unknown,bedroom,refresh,1,complete,,,,,,,,,0.654,pass,,logs.1772916939343.log
job_7ce1c112-978e-415d-9444-cbaa7712f8c4,2026-03-07,2026-03-07T20:49:47.094917802Z,unknown,unknown,unknown,0,complete,,,,,,,,,0.956,pass,,logs.1772916939343.log
job_342e63f4-45ea-4ff6-aa45-399e6435b30f,2026-03-08,2026-03-08T11:05:53.506963023Z,unknown,bedroom,refresh,1,complete,,,,,,,,,0.678,pass,,logs.1772968227925.log
job_13b4728d-b61e-4f2b-a254-d34c5af344a4,2026-03-08,2026-03-08T11:05:53.580903343Z,unknown,unknown,refresh,3,failed,,,,,,opening_removed,,,0.812,fail,,logs.1772968227925.log
job_09189911-a38d-4a83-bd51-0b529410bb86,2026-03-08,2026-03-08T11:06:00.000505780Z,unknown,dining_room,refresh,0,complete,,,,,,,,,0.914,pass,,logs.1772968227925.log
job_d3687e00-2f17-4fa5-9378-0e7d4a9acb36,2026-03-11,2026-03-11T11:36:25.025928628Z,unknown,bedroom,retry_stage2_only,0,complete,,,,,,,,,0.819,pass,,logs.1773229125854.log
job_ace2372f-e748-43a9-9a80-bc39b4bf78c5,2026-03-23,2026-03-23T01:37:35.636931799Z,unknown,bedroom,refresh,1,complete,,,,,,,,,0.451,pass,,logs.1774232618776.log
job_773861a6-9b57-4b82-b91d-7dc59ec4534e,2026-03-23,2026-03-23T01:37:36.402018109Z,unknown,bedroom,refresh,1,complete,,,,,,,,,0.46,pass,,logs.1774232618776.log
job_ab2e2e3d-a38f-4176-a952-342311caf891,2026-03-23,2026-03-23T01:37:37.366745762Z,unknown,bedroom,unknown,0,complete,,,75.9,,,opening_relocated|opening_removed|opening_resized,,,0.559,pass,,logs.1774232618776.log
job_fa773f8a-2799-43e6-b478-57d8842743d0,2026-03-23,2026-03-23T01:45:28.221388652Z,unknown,bedroom,retry_stage2_only,0,unknown,,,,,,,,,0.516,pass,,logs.1774232618776.log
job_7fc0f10f-c1c7-46c1-bfcc-b58a1a4b695a,2026-03-23,2026-03-23T01:45:59.355815895Z,unknown,bedroom,retry_stage2_only,0,complete,,,,,,,,,0.525,pass,,logs.1774232618776.log
job_8161dbe8-db8f-42fd-b225-394974f64c49,2026-03-23,2026-03-23T01:54:54.517979958Z,unknown,bedroom,refresh,1,complete,,,,,,opening_relocated|opening_removed|opening_resized|opening_resized_minor,,,0.507,pass,,logs.1774232618776.log
job_dbafb53a-97d7-482c-8429-42ffdc0b06b2,2026-03-23,2026-03-23T01:55:00.217853845Z,unknown,unknown,refresh,3,failed,,,,,,opening_relocated|opening_removed|opening_resized,,,0.523,fail,,logs.1774232618776.log
job_bd90c850-bbc6-4a41-b255-3a0be11681eb,2026-03-24,2026-03-24T10:57:53.530691022Z,unknown,living_dining,refresh,0,complete,,,,,,,,,0.616,pass,,logs.1774350748550.log
job_ac21360a-6b00-464e-aa12-6b9306ce0e3c,2026-03-24,2026-03-24T10:57:59.606916822Z,unknown,living_dining,refresh,1,complete,,,,,,,,,0.617,pass,,logs.1774350748550.log
job_1d9b0847-a1b8-4062-908d-68bbc843503b,2026-03-24,2026-03-24T10:58:00.844109731Z,unknown,living_room,retry_stage2_only,1,complete,,,,,,,,,0.554,pass,,logs.1774350748550.log
job_83010f96-3653-4ead-bd29-ef3adf602718,2026-03-24,2026-03-24T11:01:15.667325388Z,unknown,living_room,retry_stage2_only,0,complete,,,,,,,,,0.56,pass,,logs.1774350748550.log
job_1b4f4ca8-b08d-4dbc-905a-0cd390cd0fbe,2026-03-25,2026-03-25T05:05:09.579633541Z,unknown,kitchen_dining,refresh,1,complete,,,,,,,,,0.853,pass,,logs.1774415998089.log
job_955cf179-98a1-4f14-a33d-cfbb9a1dc89e,2026-03-25,2026-03-25T05:05:12.163345810Z,unknown,kitchen_dining,refresh,0,complete,,,,,,,,,0.649,pass,,logs.1774415998089.log
job_75a5972c-6919-42e0-84ca-54b499f0b2d3,2026-03-25,2026-03-25T05:05:17.124454152Z,unknown,kitchen_dining,refresh,1,complete,,,,,,,,,0.581,pass,,logs.1774415998089.log
job_9df8ddb1-2487-40bd-b20a-7121721aa3aa,2026-03-26,2026-03-26T12:34:28.319149995Z,unknown,bedroom,refresh,0,complete,,,,,,,,,0.553,pass,,logs.1774528848370.log
job_f800045b-c2fe-41a4-b8b6-291ad0c5a927,2026-03-26,2026-03-26T12:34:30.983149535Z,unknown,bedroom,retry_stage2_only,1,complete,,,,,,,,,0.524,pass,,logs.1774528848370.log
job_1cc2ca01-bf69-405b-afea-f83bc278ba35,2026-03-26,2026-03-26T12:37:23.938471999Z,unknown,bedroom,retry_stage2_only,0,complete,,,,,,,,,0.526,pass,,logs.1774528848370.log
job_6b27679b-6936-4891-8cf8-340d0944f953,2026-03-28,2026-03-28T10:45:17.209823542Z,unknown,bedroom,from_empty_or_initial,0,complete,,,26.8,,,opening_occlusion|opening_resized|opening_resized_major|opening_resized_minor,,,0.634,pass,,logs.1774695650686.log
job_3bfd0cff-309a-4967-b9ae-0de1c765a6b8,2026-03-28,2026-03-28T10:45:17.722607670Z,unknown,bedroom,from_empty_or_initial,0,complete,,,,,,opening_resized|opening_resized_minor,,,0.836,pass,,logs.1774695650686.log
job_e9128e0f-28b2-4090-91d7-3b014339f21c,2026-03-29,2026-03-29T04:33:18.217777839Z,unknown,unknown,from_empty_or_initial,1,unknown,,,45.9,,,opening_occlusion|opening_relocated|opening_resized|opening_resized_major|opening_resized_minor,,,0.627,pass,,logs.1774779505038.log
job_a20d791e-e142-4d34-9cf5-a4091bf4ca8f,2026-03-29,2026-03-29T04:33:25.615716767Z,unknown,bedroom,from_empty_or_initial,3,complete,,,45.9,,,opening_occlusion|opening_relocated|opening_removed|opening_resized|opening_resized_major|opening_resized_minor,,,0.773,pass,,logs.1774779505038.log
job_d0ad3c6e-eec0-4100-9f8a-6639b29e2219,2026-03-29,2026-03-29T04:38:41.625689267Z,unknown,bedroom,retry_stage2_only,1,complete,,,48.1,,,opening_resized,,,0.609,pass,,logs.1774779505038.log
job_28a402eb-1cc0-4f22-a54a-6d72dc12c69c,2026-03-29,2026-03-29T20:35:01.078425990Z,unknown,bedroom,from_empty_or_initial,1,complete,,,50.2,,,opening_occlusion|opening_resized|opening_resized_major|opening_resized_minor,,,0.807,pass,,logs.1774817434859.log
job_7421e444-c48a-4f30-b711-fa3f950629f6,2026-03-29,2026-03-29T20:35:04.585846814Z,unknown,bedroom,from_empty_or_initial,0,complete,,,,,,opening_resized|opening_resized_minor,,,0.999,pass,,logs.1774817434859.log
job_238cc692-1026-47a2-9e61-f47e18acbd93,2026-03-29,2026-03-29T20:39:15.751099258Z,unknown,bedroom,retry_stage2_only,1,complete,,,73.4,,,opening_resized,,,0.807,pass,,logs.1774817434859.log
job_887c397d-4bf3-4ca2-aa7d-0aef708512e0,2026-03-29,2026-03-29T22:25:41.842999598Z,unknown,bedroom,retry_stage2_only,1,complete,,,,,,opening_relocated|opening_removed|opening_resized,,,1.0,pass,,logs.1774823433458.log
job_24745a28-bcd8-4128-81ff-c693e6b4e543,2026-03-30,2026-03-30T00:19:59.017572621Z,unknown,bedroom,retry_stage2_only,0,complete,,,37.2,,,opening_relocated|opening_resized|opening_resized_minor,,,0.807,pass,,logs.1774831339132.log
job_041c0616-26f0-40b0-9e74-4dd5ad4fa5ca,2026-03-30,2026-03-30T00:28:00.464350893Z,unknown,bedroom,retry_stage2_only,0,complete,,,40.7,,,opening_resized|opening_resized_minor,,,0.807,pass,,logs.1774831339132.log
job_3b619a2c-1cab-4f70-bbfe-f3784edab6b0,2026-03-30,2026-03-30T01:24:08.757733212Z,unknown,bedroom,retry_stage2_only,,complete,,,30.1,,,opening_relocated|opening_resized|opening_resized_minor,,,0.807,pass,,logs.1774833993658.log
job_858a150e-8a7d-46a2-9955-81e1334b21a3,2026-03-30,2026-03-30T12:21:45.990689394Z,unknown,bedroom,refresh,1,complete,,,,,,opening_resized|opening_resized_minor,,,0.807,pass,,logs.1774874142876.log
job_92251149-0498-4b6c-851c-6352d34ef837,2026-03-30,2026-03-30T12:24:32.078859000Z,unknown,unknown,retry_stage2_only,1,unknown,,,,,,opening_relocated|opening_resized,,,0.807,pass,,logs.1774874142876.log
job_ecec235a-02e9-48ab-98ae-1a1c26a06732,2026-04-08,2026-04-08T12:28:42.663729107Z,unknown,unknown,from_empty_or_initial,3,failed,,,42.2,,,opening_occlusion|opening_relocated|opening_removed|opening_resized|opening_resized_minor,,,0.68,pass,,logs.1775654660135.log
job_5f1fc3fb-fa9d-432c-a8f6-6bb0f300280b,2026-04-08,2026-04-08T12:28:42.674124432Z,unknown,living_room,from_empty_or_initial,0,complete,,,,,,opening_occlusion|opening_relocated|opening_removed|opening_resized,,,0.762,pass,,logs.1775654660135.log
job_b4fc6aaf-6ba3-4994-b79c-f27381f9831b,2026-04-08,2026-04-08T12:28:43.672149243Z,unknown,unknown,refresh,0,complete,,,,,,opening_relocated|opening_resized|opening_resized_minor,,,0.727,pass,,logs.1775654660135.log
job_278407d4-f3ca-4363-8c90-f89035370746,2026-04-08,2026-04-08T12:28:43.672500568Z,unknown,unknown,from_empty_or_initial,0,unknown,,,,,,,,,0.531,pass,,logs.1775654660135.log
job_13ba1fea-d05d-4904-9642-ccaca6631854,2026-04-08,2026-04-08T12:28:43.674470099Z,unknown,unknown,refresh,0,unknown,,,42.5,,,opening_occlusion|opening_relocated|opening_removed|opening_resized|opening_resized_minor,,,0.589,pass,,logs.1775654660135.log
job_b1fec8df-4068-414b-b535-dc19123598c1,2026-04-08,2026-04-08T12:28:43.676867998Z,unknown,living_room,from_empty_or_initial,0,complete,,,92.5,,,opening_relocated|opening_resized|opening_resized_minor,,,0.533,pass,,logs.1775654660135.log
job_78b21958-6a8f-4f33-9224-d6cf579036f6,2026-04-08,2026-04-08T12:28:43.678430457Z,unknown,unknown,from_empty_or_initial,0,complete,,,,,,opening_relocated|opening_resized,,,0.757,pass,,logs.1775654660135.log
job_782ea988-0c8f-45b6-8f29-b5b5d0a7bddc,2026-04-08,2026-04-08T12:28:46.328911681Z,unknown,bedroom,from_empty_or_initial,0,complete,,,44.1,,,opening_occlusion|opening_relocated|opening_resized|opening_resized_minor,,,0.693,pass,,logs.1775654660135.log
job_01d50143-c7bd-4c1b-9a51-810be0591fa6,2026-04-08,2026-04-08T12:28:47.283045668Z,unknown,kitchen,refresh,0,complete,,,92.5,,,opening_relocated|opening_resized,,,0.843,pass,,logs.1775654660135.log
job_cc4f62d3-a1e7-4c1b-857b-328a6ee71195,2026-04-08,2026-04-08T12:28:47.287710923Z,unknown,bedroom,from_empty_or_initial,0,complete,,,,,,opening_relocated,,,0.43,pass,,logs.1775654660135.log
job_beb3ccf9-1a02-45eb-be1a-619e6cf95b8b,2026-04-08,2026-04-08T12:28:48.867181671Z,unknown,living_room,from_empty_or_initial,2,complete,,,,,,,,,0.549,pass,,logs.1775654660135.log
job_d4275203-db89-49a3-9f52-8936ff94124e,2026-04-08,2026-04-08T12:28:48.873078631Z,unknown,living_room,from_empty_or_initial,1,complete,,,55.4,,,opening_resized|opening_resized_minor,,,0.542,pass,,logs.1775654660135.log
job_e39983c8-d7bc-4bf6-9820-f3bef5ec329e,2026-04-08,2026-04-08T12:28:48.879643202Z,unknown,bedroom,from_empty_or_initial,0,complete,,,55.4,,,opening_occlusion|opening_relocated|opening_removed|opening_resized|opening_resized_minor,,,0.517,pass,,logs.1775654660135.log
job_fffa8bbf-a4dc-46a4-be93-740cb43bad61,2026-04-08,2026-04-08T12:28:48.903721995Z,unknown,living_room,from_empty_or_initial,1,complete,,,,,,opening_relocated|opening_resized|opening_resized_minor,,,0.551,pass,,logs.1775654660135.log
job_48b659e7-13c3-4010-9727-aa51d3dff055,2026-04-11,2026-04-11T07:54:21.458336381Z,unknown,bedroom,from_empty_or_initial,0,complete,,,47.2,,,opening_occlusion|opening_relocated|opening_resized|opening_resized_major|opening_resized_minor,,,0.806,pass,,logs.1775894692840.log
job_9e7f6dd0-177b-40d2-b426-978571d4bd86,2026-04-11,2026-04-11T07:54:24.352069405Z,unknown,bedroom,from_empty_or_initial,0,complete,,,45.2,,,opening_relocated|opening_resized|opening_resized_minor,,,0.807,pass,,logs.1775894692840.log
job_11a6f373-ffef-4165-9c4d-d7d8b3a0c32d,2026-04-11,2026-04-11T09:23:32.165044506Z,unknown,bedroom,from_empty_or_initial,1,complete,,,49.4,,,opening_occlusion|opening_relocated|opening_resized|opening_resized_major|opening_resized_minor,,,0.807,pass,,logs.1775900260791.log
job_694f5feb-9f3e-4e11-aa45-947bef232296,2026-04-11,2026-04-11T09:23:35.926808595Z,unknown,bedroom,from_empty_or_initial,0,complete,,,49.4,,,opening_occlusion|opening_relocated|opening_resized|opening_resized_major|opening_resized_minor,,,0.807,pass,,logs.1775900260791.log
job_2f1108ef-51ad-46f3-a0d6-b7c625bb2ba9,2026-04-11,2026-04-11T09:33:35.035605689Z,unknown,bedroom,retry_stage2_only,0,complete,,,30.3,,,opening_relocated|opening_resized|opening_resized_minor,,,0.777,pass,,logs.1775900260791.log
job_e05d5853-8273-4321-b76f-a1a6d972f39a,2026-04-11,2026-04-11T21:47:50.837273661Z,unknown,unknown,from_empty_or_initial,0,failed,,,98.0,,,opening_relocated|opening_resized|opening_resized_major|opening_resized_minor,,,0.806,fail,,logs.1775945072229.log
job_0c0c6008-8eca-4425-ab2f-6684d5673967,2026-04-11,2026-04-11T21:47:52.616063260Z,unknown,unknown,from_empty_or_initial,0,failed,,,98.0,,,opening_relocated|opening_removed|opening_resized|opening_resized_major|opening_resized_minor,,,0.806,fail,,logs.1775945072229.log
job_a218529b-1a7f-4f73-942c-cf68c78395af,2026-04-12,2026-04-12T03:19:15.324994166Z,unknown,bedroom,from_empty_or_initial,1,complete,,,29.9,,,opening_relocated|opening_resized|opening_resized_minor,,,0.806,pass,,logs.1775978602446.log
job_e150b640-019b-4fa5-80c5-da09ef4d58e6,2026-04-12,2026-04-12T03:19:16.605209508Z,unknown,bedroom,from_empty_or_initial,0,complete,,,29.2,,,opening_relocated|opening_removed|opening_resized|opening_resized_minor,,,0.807,pass,,logs.1775978602446.log
job_4986cf6d-03ed-42e7-a496-bc952bedecc6,2026-04-12,2026-04-12T03:19:21.082408247Z,unknown,bedroom,from_empty_or_initial,1,complete,,,80.9,,,opening_relocated|opening_removed|opening_resized|opening_resized_major|opening_resized_minor,,,0.807,pass,,logs.1775978602446.log
job_2f7b051d-2f68-4b67-85cd-c574ae6522a4,2026-04-12,2026-04-12T07:23:09.219437236Z,unknown,bedroom,from_empty_or_initial,1,complete,,,44.9,,,opening_relocated|opening_removed|opening_resized|opening_resized_minor,,,0.807,pass,,logs.1775979846727.log
job_278fa5e4-7628-4c36-9d4d-4f578e9963ca,2026-04-12,2026-04-12T07:23:10.649136244Z,unknown,bedroom,from_empty_or_initial,0,complete,,,,,,opening_resized|opening_resized_minor,,,0.807,pass,,logs.1775979846727.log
job_f54e47f8-3b36-4ddf-935f-cdd5c907189f,2026-04-12,2026-04-12T09:12:37.057534552Z,unknown,bedroom,from_empty_or_initial,0,complete,,,34.1,,,opening_relocated|opening_resized|opening_resized_major|opening_resized_minor,,,0.807,pass,,logs.1775999083773.log
job_c11fcac8-43d1-41bb-8aef-50c0cb475072,2026-04-12,2026-04-12T09:12:37.198194988Z,unknown,bedroom,from_empty_or_initial,1,complete,,,,,,opening_removed|opening_resized|opening_resized_minor,,,0.807,pass,,logs.1775999083773.log
job_6f0e122c-3cc7-4c47-953b-669088c45edf,2026-04-12,2026-04-12T09:12:38.370084962Z,unknown,bedroom,from_empty_or_initial,0,complete,,,39.6,,,opening_relocated|opening_removed|opening_resized|opening_resized_minor,,,0.803,pass,,logs.1775999083773.log
job_9524c2c4-7dd5-4dc3-8918-d3c72898cad1,2026-04-12,2026-04-12T09:24:06.137926855Z,unknown,bedroom,retry_stage2_only,0,complete,,,18.9,,,opening_resized|opening_resized_minor,,,0.773,pass,,logs.1775999083773.log
job_c0c6890b-de60-4195-84e8-a4df8a41e821,2026-04-12,2026-04-12T12:48:35.353553983Z,unknown,kitchen_living,from_empty_or_initial,0,complete,,,66.5,,,opening_relocated|opening_removed|opening_resized|opening_resized_minor,,,0.807,pass,,logs.1775999047987.log
job_43cbc880-873d-4fde-aaf7-72347e95e639,2026-04-12,2026-04-12T12:54:30.526860304Z,unknown,living_room,retry_stage2_only,1,complete,,,57.7,,,opening_relocated|opening_resized|opening_resized_minor,,,0.796,pass,,logs.1775999047987.log
job_ce24b884-7d88-484b-ac3f-39263d5f9c12,2026-04-13,2026-04-13T00:03:27.730672523Z,unknown,bedroom,refresh,1,complete,,,,,,opening_relocated|opening_removed|opening_resized,,,0.807,pass,,logs.1776040190524.log
job_d351dde6-9279-4c92-b667-3291e53c6fc0,2026-04-13,2026-04-13T00:03:34.528495407Z,unknown,bedroom,refresh,1,complete,,,,,,opening_removed|opening_resized|opening_resized_minor,,,0.807,pass,,logs.1776040190524.log
job_cd524a7b-a84b-4f74-83ea-7055bf56d1f4,2026-04-13,2026-04-13T00:03:43.157661424Z,unknown,bedroom,refresh,1,complete,,,,,,,,,0.807,pass,,logs.1776040190524.log
job_7cbcad2a-3bf7-46b8-9cf0-c213187b77e3,2026-04-13,2026-04-13T00:24:35.260934315Z,unknown,bedroom,retry_stage2_only,0,complete,,,,,,opening_relocated|opening_removed,,,0.785,pass,,logs.1776040190524.log
job_372d5317-2f41-459e-98fc-cd5f2b592579,2026-04-15,2026-04-15T00:38:26.189895434Z,unknown,living_room,from_empty_or_initial,0,complete,,,,,,opening_relocated|opening_resized|opening_resized_minor,,,0.801,pass,,logs.1776222829559.log
job_9f1246df-3665-4074-8a12-dc2e67de2a45,2026-04-15,2026-04-15T00:38:26.191995245Z,unknown,unknown,from_empty_or_initial,0,failed,,,26.6,,,opening_relocated|opening_removed|opening_resized|opening_resized_minor,,,0.994,fail,,logs.1776222829559.log
job_ed4851f9-6506-482f-a2ad-db8e28d81fab,2026-04-15,2026-04-15T00:38:28.017091601Z,unknown,unknown,from_empty_or_initial,0,unknown,,,,,,opening_relocated|opening_removed,,,0.797,pass,,logs.1776222829559.log
job_6091bc6b-707b-4e40-a054-c2c43ff1cc28,2026-04-15,2026-04-15T00:38:28.401264785Z,unknown,unknown,from_empty_or_initial,0,complete,,,,,,opening_relocated|opening_resized|opening_resized_minor,,,0.803,pass,,logs.1776222829559.log
job_356f9a95-496e-47ba-86c7-491e0a064a3e,2026-04-15,2026-04-15T00:38:28.401989988Z,unknown,bedroom,from_empty_or_initial,1,complete,,,,,,opening_relocated|opening_resized|opening_resized_minor,,,0.807,pass,,logs.1776222829559.log
job_a53d774f-e727-4003-9766-95573e987112,2026-04-15,2026-04-15T00:38:28.406907677Z,unknown,bedroom,from_empty_or_initial,0,complete,,,74.7,,,opening_resized|opening_resized_major,,,0.804,pass,,logs.1776222829559.log
job_4564ceb7-6d46-4fb4-9466-d2c1af6b6b19,2026-04-15,2026-04-15T00:38:29.291219079Z,unknown,unknown,from_empty_or_initial,1,unknown,,,,,,,,,0.807,pass,,logs.1776222829559.log
job_b02354be-31bd-4b11-a3a8-3326995c1640,2026-04-15,2026-04-15T00:38:31.837624807Z,unknown,living_room,from_empty_or_initial,0,complete,,,,,,opening_relocated|opening_removed|opening_resized|opening_resized_minor,,,0.805,pass,,logs.1776222829559.log
job_73da57cc-de72-4b85-830c-d1a6810a6776,2026-04-15,2026-04-15T01:36:16.335237960Z,unknown,bedroom,from_empty_or_initial,0,complete,,,41.4,,,opening_relocated|opening_resized|opening_resized_major,,,0.803,pass,,logs.1776222829559.log
job_70eb1d64-86a9-4d73-b8a7-0dce10262880,2026-04-15,2026-04-15T01:36:16.336437096Z,unknown,unknown,from_empty_or_initial,0,complete,,,67.7,,,opening_relocated|opening_resized|opening_resized_minor,,,0.807,pass,,logs.1776222829559.log
job_73405780-c36f-463e-9d87-3d798751270f,2026-04-15,2026-04-15T01:36:16.344678905Z,unknown,kitchen,from_empty_or_initial,0,complete,,,,,,opening_resized|opening_resized_minor,,,0.793,pass,,logs.1776222829559.log
job_ac74a43c-b999-4a9e-b01b-99275648067c,2026-04-15,2026-04-15T01:36:17.892936861Z,unknown,bedroom,from_empty_or_initial,0,complete,,,67.7,,,opening_relocated|opening_resized|opening_resized_minor,,,0.998,pass,,logs.1776222829559.log
job_89340845-e821-4a52-8716-5d6e262b652a,2026-04-15,2026-04-15T01:36:17.894195487Z,unknown,bedroom,from_empty_or_initial,1,complete,,,,,,opening_relocated|opening_resized|opening_resized_major|opening_resized_minor,,,0.808,pass,,logs.1776222829559.log
job_33feff5c-e009-42b2-a201-bffb8214332c,2026-04-15,2026-04-15T01:36:17.896979269Z,unknown,unknown,from_empty_or_initial,0,unknown,,,,,,opening_relocated|opening_resized|opening_resized_major|opening_resized_minor,,,0.808,fail,,logs.1776222829559.log
job_47c239c5-25a9-4c4b-9c21-47774886604c,2026-04-29,2026-04-29T20:51:35.750993402Z,unknown,bedroom,from_empty_or_initial,0,complete,,,26.3,,,opening_relocated|opening_resized|opening_resized_major,,,0.803,pass,,logs.1777496254825.log
job_0ca98979-e123-4fe4-9977-2d3317828b40,2026-04-29,2026-04-29T20:51:40.515058979Z,unknown,kitchen_dining,from_empty_or_initial,0,complete,,,26.3,,,opening_relocated|opening_resized|opening_resized_minor,,,0.805,pass,,logs.1777496254825.log
job_55cca7ae-c53e-4af5-bb38-9b576b9b2c5f,2026-04-29,2026-04-29T23:17:00.419751321Z,unknown,kitchen_dining,from_empty_or_initial,1,complete,,,,,,opening_relocated,,,0.805,pass,,logs.1777505139284.log
job_7591b63b-7e81-45fe-baf3-e700bf16762b,2026-04-29,2026-04-29T23:17:03.190072440Z,unknown,unknown,from_empty_or_initial,1,complete,,,,,,opening_relocated|opening_resized,,,0.806,pass,,logs.1777505139284.log
job_a21821d2-e29f-4613-b304-bde1647516c8,2026-04-29,2026-04-29T23:17:04.544382779Z,unknown,bedroom,from_empty_or_initial,0,complete,,,,,,opening_relocated,,,0.804,pass,,logs.1777505139284.log
job_1acd8b65-341c-4eb3-be9f-94ca5ed2474a,2026-05-08,2026-05-08T01:27:16.072617193Z,unknown,bedroom,from_empty_or_initial,0,complete,,,,,,,,,0.807,pass,,logs.1778204941425.log
job_13b4eda1-6f02-4474-b455-82559cc99231,2026-05-08,2026-05-08T01:27:16.072755136Z,unknown,living_dining,from_empty_or_initial,1,complete,,,,,,opening_relocated|opening_removed|opening_resized,,,0.808,pass,,logs.1778204941425.log
job_6c89933b-9751-45ac-88ed-095c2a0af727,2026-05-08,2026-05-08T01:27:17.036654145Z,unknown,bedroom,from_empty_or_initial,1,complete,,,,,,opening_relocated|opening_resized|opening_resized_minor,,,0.807,pass,,logs.1778204941425.log
job_ab3c3fa8-02be-49b7-b3ca-96e40e564a96,2026-05-08,2026-05-08T01:27:19.866844431Z,unknown,living_dining,from_empty_or_initial,0,complete,,,,,,opening_relocated|opening_removed|opening_resized,,,0.807,pass,,logs.1778204941425.log
job_a8a94d9b-210f-4991-b8b8-d96b02c5ea70,2026-05-08,2026-05-08T01:27:21.975231383Z,unknown,bedroom,from_empty_or_initial,1,complete,,,,,,opening_relocated|opening_resized|opening_resized_minor,,,0.807,pass,,logs.1778204941425.log
job_91ebd982-07de-4df7-9c31-995fe327c1b8,2026-05-12,2026-05-12T04:33:30.677911299Z,unknown,unknown,from_empty_or_initial,0,failed,,,,,,opening_relocated|opening_removed|opening_resized|opening_resized_minor,,,0.807,fail,,logs.1778561458947.log
job_a276a713-aa70-4e8c-b13f-7e9675c2804f,2026-05-12,2026-05-12T04:33:34.234553082Z,unknown,unknown,from_empty_or_initial,0,complete,,,,,,opening_relocated,,,0.807,pass,,logs.1778561458947.log
job_7957e567-a8a4-4cf0-b4a5-452bb014a141,2026-05-12,2026-05-12T04:33:34.235920536Z,unknown,bedroom,from_empty_or_initial,0,complete,,,,,,opening_relocated,,,0.807,pass,,logs.1778561458947.log
job_ed0ea02f-b867-402a-895f-96bf8e994207,2026-05-12,2026-05-12T04:33:37.748570977Z,unknown,bedroom,from_empty_or_initial,0,complete,,,,,,opening_relocated|opening_resized|opening_resized_minor,,,0.999,pass,,logs.1778561458947.log
job_0a1e94af-a2f5-4b84-bb4c-d50d669eae69,2026-05-14,2026-05-14T01:59:46.675767808Z,unknown,bedroom,from_empty_or_initial,0,complete,,,64.6,,,opening_occlusion|opening_relocated|opening_removed|opening_resized|opening_resized_major|opening_resized_minor,,,0.807,pass,,logs.1778725048479.log
job_e7859950-f7a0-4f21-9686-abfc15ea243d,2026-05-14,2026-05-14T01:59:47.974700630Z,unknown,living_room,from_empty_or_initial,2,complete,,,64.6,,,opening_removed|opening_resized|opening_resized_major|opening_resized_minor,,,0.808,pass,,logs.1778725048479.log
job_798ca88c-debf-443c-a05c-515d25a13aef,2026-05-14,2026-05-14T01:59:47.975578845Z,unknown,kitchen,from_empty_or_initial,0,complete,,,53.4,,,opening_relocated|opening_removed|opening_resized|opening_resized_major|opening_resized_minor,,,1.0,pass,,logs.1778725048479.log
job_aa539e0e-0a5f-437c-9395-e0372f8d2a28,2026-05-14,2026-05-14T01:59:48.975447959Z,unknown,bedroom,from_empty_or_initial,0,complete,,,53.4,,,opening_relocated|opening_resized|opening_resized_minor,,,0.808,pass,,logs.1778725048479.log
job_a155cdbe-a2df-4bd8-97a0-a9bac097fb20,2026-05-14,2026-05-14T01:59:49.024692389Z,unknown,unknown,from_empty_or_initial,2,failed,,,96.9,,,opening_removed|opening_resized|opening_resized_minor,,,0.807,fail,,logs.1778725048479.log
job_fd9d88fc-d4da-4861-b196-dbc16435ffbd,2026-05-14,2026-05-14T05:20:47.402702972Z,unknown,kitchen,from_empty_or_initial,1,complete,,,35.2,,,opening_resized|opening_resized_minor,,,0.805,pass,,logs.1778736407594.log
job_5ef61846-c35d-4713-b642-6970d5517e10,2026-05-14,2026-05-14T05:20:49.255935368Z,unknown,bedroom,from_empty_or_initial,1,complete,,,35.2,,,opening_resized|opening_resized_minor,,,1.0,pass,,logs.1778736407594.log
job_30da1b07-703b-4d41-9b8f-48dcc423e902,2026-05-14,2026-05-14T05:20:50.248532332Z,unknown,kitchen,from_empty_or_initial,2,complete,,,58.0,,,opening_resized|opening_resized_minor,,,1.0,pass,,logs.1778736407594.log
job_dd9fef57-2c60-43a2-9bac-6a0cb2d2d405,2026-05-14,2026-05-14T08:21:15.081309840Z,unknown,bedroom,from_empty_or_initial,0,complete,,,,,,opening_relocated|opening_removed,,,0.802,pass,,logs.1778747589679.log
job_d035dd2f-254b-47c3-951a-a313a4e96d27,2026-05-14,2026-05-14T10:24:51.813942081Z,unknown,bedroom,from_empty_or_initial,0,complete,,,39.8,,,opening_relocated|opening_removed|opening_resized|opening_resized_minor,,,0.808,pass,,logs.1778756365400.log
job_3be72fee-94ca-4bcc-bb5c-b1dd09e9aa9a,2026-05-14,2026-05-14T10:24:52.535773593Z,unknown,bedroom,refresh,1,complete,,,39.8,,,opening_relocated|opening_resized|opening_resized_minor,,,0.808,pass,,logs.1778756365400.log
job_68a2d5a8-64d3-4992-86ef-43fede8d8240,2026-05-14,2026-05-14T10:25:00.516314538Z,unknown,kitchen_dining,from_empty_or_initial,2,complete,,,,,,opening_relocated|opening_removed|opening_resized,,,0.796,pass,,logs.1778756365400.log
job_8d726b96-9956-48da-9157-5a1c9e6cacc2,2026-05-14,2026-05-14T10:49:27.673926813Z,unknown,bedroom,from_empty_or_initial,1,complete,,,51.9,,,opening_relocated|opening_resized|opening_resized_major|opening_resized_minor,,,1.0,pass,,logs.1778756365400.log
job_6c42151b-d5d2-41c0-b395-a2b34a916466,2026-05-14,2026-05-14T10:49:27.674415987Z,unknown,bedroom,from_empty_or_initial,1,complete,,,,,,,,,0.808,pass,,logs.1778756365400.log
job_b7462c05-e304-4b08-9255-a677f4b9ff41,2026-05-14,2026-05-14T10:49:31.991780910Z,unknown,bedroom,from_empty_or_initial,0,complete,,,29.3,,,opening_relocated|opening_resized|opening_resized_major|opening_resized_minor,,,1.0,pass,,logs.1778756365400.log
job_a127d371-507b-47c0-83bc-4a819e6edbdd,2026-05-14,2026-05-14T10:49:31.992502889Z,unknown,unknown,from_empty_or_initial,0,complete,,,51.9,,,opening_relocated|opening_resized|opening_resized_minor,,,0.808,pass,,logs.1778756365400.log
job_4672888e-ff11-4786-90c6-f421def1bd3d,2026-05-14,2026-05-14T10:55:19.227302043Z,unknown,bedroom,retry_stage2_only,0,complete,,,,,,,,,0.98,pass,,logs.1778756365400.log
job_734916f0-145a-490b-8452-5aaaf16cdf44,2026-05-18,2026-05-18T02:08:39.727403480Z,unknown,bedroom,refresh,2,complete,,,,,,,,,0.807,pass,,logs.1779070443214.log
job_17a06b73-7d48-4df4-a56f-c737dd83a78e,2026-05-18,2026-05-18T02:09:25.486489142Z,unknown,bedroom,retry_stage2_only,1,failed,,,,,,,,,0.771,pass,,logs.1779070443214.log
job_cb7738af-1f9c-4caf-be9b-7e1272675e55,2026-05-18,2026-05-18T03:32:16.541434561Z,unknown,bedroom,from_empty_or_initial,0,complete,,,,,,opening_relocated,,,0.807,pass,,logs.1779076052280.log
job_d7271562-da38-4e4a-ae84-a94a66c766c5,2026-05-18,2026-05-18T03:35:51.756145638Z,unknown,bedroom,retry_stage2_only,2,failed,,,,,,opening_relocated|opening_removed|opening_resized,,,0.776,fail,,logs.1779076052280.log
job_de66d3c2-6616-4871-b645-330572fff880,2026-05-19,2026-05-19T11:52:12.105355034Z,unknown,bedroom,refresh,1,complete,,,,,,opening_resized,,,0.807,pass,,logs.1779191816794.log
job_fba8087e-8b01-499c-a1da-b74f6c68d822,2026-05-19,2026-05-19T18:51:10.016051017Z,unknown,bedroom,refresh,0,complete,,,,,,,,,0.807,pass,,logs.1779216929970.log
job_b4a6254b-6227-4efa-a0a1-e9df38c39c58,2026-05-19,2026-05-19T19:14:29.994529173Z,unknown,bedroom,refresh,1,complete,,,,,,,,,0.807,pass,,logs.1779218649541.log
job_8b1cd77b-9fe2-4891-ab33-f79bce716f64,2026-05-20,2026-05-20T08:02:21.612456191Z,unknown,bedroom,refresh,0,complete,,,,,,,,,0.807,pass,,logs.1779264368525.log
job_ea30107b-5383-4503-bbca-3669fe7ba379,2026-05-20,2026-05-20T09:02:36.920665974Z,unknown,bedroom,refresh,0,complete,,,,,,,,,0.807,pass,,logs.1779268009218.log
job_47e432f6-58b0-494c-9f8d-b8db0ad0217f,2026-05-20,2026-05-20T10:23:04.671188960Z,unknown,bedroom,refresh,0,complete,,,,,,,,,0.807,pass,,logs.1779272840534.log
job_12198ec2-78ad-4064-a684-b4af4b2d3030,2026-05-25,2026-05-25T09:00:56.128264355Z,unknown,unknown,refresh,0,complete,,,,,,,,,0.807,pass,,logs.1779711008282.log
job_ba8cca1e-11cf-443b-b0fa-a2ed4f2518e0,2026-05-25,2026-05-25T12:02:16.264274360Z,unknown,bedroom,refresh,1,complete,,,,,,,,,0.807,pass,,logs.1779711000006.log
job_2aca67b0-112b-4619-8fcf-7dbea38e5a74,2026-05-26,2026-05-26T08:37:08.254428638Z,unknown,bedroom,refresh,0,complete,,,82.3,,,opening_relocated|opening_resized|opening_resized_minor,,,1.0,pass,,logs.1779803087993.log
job_993ebaf7-ac73-436a-86c3-98a2a5e86cc4,2026-05-26,2026-05-26T08:37:09.249083799Z,unknown,bedroom,refresh,0,complete,,,28.3,,,opening_relocated|opening_resized,,,0.807,pass,,logs.1779803087993.log
job_241e14cd-3362-459e-85b7-582c2848092d,2026-05-26,2026-05-26T08:37:24.344002763Z,unknown,living_dining,refresh,1,complete,,,28.3,,,opening_relocated|opening_removed|opening_resized|opening_resized_minor,,,0.807,pass,,logs.1779803087993.log
job_426bf5a7-cd29-4df2-accc-ddbf510851a5,2026-05-26,2026-05-26T09:02:51.114397649Z,unknown,living_dining,retry_stage2_only,1,failed,,,56.5,,,opening_occlusion|opening_relocated|opening_resized|opening_resized_minor,,,0.775,pass,,logs.1779803087993.log
job_b5707346-6839-40f6-b31b-714fae3e6698,2026-05-26,2026-05-26T14:00:55.016927282Z,unknown,bedroom,refresh,0,complete,,,33.9,,,opening_resized|opening_resized_minor,,,0.807,pass,,logs.1779804931368.log
job_4915dad2-be22-4c7b-8532-550ba5c60b38,2026-05-26,2026-05-26T14:38:25.797252480Z,unknown,bedroom,from_empty_or_initial,0,complete,,,,,,,,,0.807,pass,,logs.1779807160992.log
job_86eee6e1-5ed1-4e3b-81c5-ace2328647b1,2026-05-27,2026-05-27T02:52:04.967491376Z,unknown,bedroom,from_empty_or_initial,0,complete,,,88.8,,,opening_relocated|opening_resized|opening_resized_major|opening_resized_minor,,,0.808,pass,,logs.1779852269974.log
job_907450ae-6f8c-4367-ac23-ad560fcf621b,2026-05-27,2026-05-27T02:52:04.968095030Z,unknown,living_dining,from_empty_or_initial,1,complete,,,32.0,,,opening_relocated|opening_removed|opening_resized|opening_resized_minor,,,0.807,pass,,logs.1779852269974.log
job_897ed92d-a963-4153-84a0-114f841b4c95,2026-05-27,2026-05-27T02:52:05.368749050Z,unknown,living_room,from_empty_or_initial,0,complete,,,35.4,,,opening_relocated|opening_removed|opening_resized|opening_resized_minor,,,0.808,pass,,logs.1779852269974.log
job_1633d62d-92eb-466a-87da-eeb95dfdc377,2026-05-27,2026-05-27T02:57:48.409785748Z,unknown,living_dining,retry_stage2_only,1,failed,,,43.1,,,opening_relocated|opening_resized|opening_resized_minor,,,0.798,pass,,logs.1779852269974.log
job_3b0821b7-2b64-493d-987f-69666e214bbc,2026-05-27,2026-05-27T07:40:25.279656423Z,unknown,living_room,from_empty_or_initial,0,complete,,,,,,opening_resized|opening_resized_minor,,,0.808,pass,,logs.1779868236323.log
job_8f9de2f1-addc-45c2-9f79-1ef169760aab,2026-05-27,2026-05-27T07:40:30.136532697Z,unknown,bedroom,from_empty_or_initial,0,complete,,,,,,opening_occlusion|opening_relocated|opening_resized,,,0.808,pass,,logs.1779868236323.log
job_9ccb639a-7f91-452e-911d-6416055472bf,2026-05-27,2026-05-27T07:40:31.897705297Z,unknown,living_dining,from_empty_or_initial,0,complete,,,,,,opening_relocated|opening_removed|opening_resized,,,0.807,pass,,logs.1779868236323.log
job_87f04af2-d3ac-4ef1-be31-167ee5df9579,2026-05-27,2026-05-27T07:40:33.214854366Z,unknown,living_dining,from_empty_or_initial,1,complete,,,66.9,,,opening_occlusion|opening_relocated|opening_resized|opening_resized_minor,,,0.807,pass,,logs.1779868236323.log
job_6f7e19f3-f1aa-446c-8e7c-346c3e82c253,2026-05-27,2026-05-27T09:43:02.833732220Z,unknown,living_room,from_empty_or_initial,0,complete,,,,,,opening_relocated|opening_resized|opening_resized_minor,,,0.808,pass,,logs.1779875931772.json
job_4505ea3b-f4d4-49c5-b999-b35329e22631,2026-05-27,2026-05-27T09:43:02.835174023Z,unknown,living_dining,from_empty_or_initial,0,complete,,,,,,opening_relocated|opening_resized|opening_resized_minor,,,0.807,pass,,logs.1779875931772.json
job_507269d4-f8fa-42b7-8fff-cda21d27f4d2,2026-05-27,2026-05-27T09:43:03.938274618Z,unknown,bedroom,from_empty_or_initial,1,complete,,,,,,opening_relocated|opening_resized|opening_resized_minor,,,0.808,pass,,logs.1779875931772.json
job_e12f0bb3-47a9-40a4-ac62-ef9045fa06c2,2026-05-27,2026-05-27T11:06:05.870655441Z,unknown,unknown,from_empty_or_initial,1,failed,2,2,,,50.0,opening_relocated|opening_resized,,,0.807,fail,,logs.1779880406107.log
job_7a89b04e-1ef9-498b-8771-e051cad576b1,2026-05-28,2026-05-28T07:18:51.885525445Z,unknown,living_dining,from_empty_or_initial,1,complete,2,2,84.5,,50.0,opening_occlusion|opening_relocated|opening_resized|opening_resized_minor,,,0.808,pass,,logs.1779954006410.log
job_c8a08fb7-56ff-431c-9b21-efcfa570094e,2026-05-28,2026-05-28T07:18:55.698332474Z,unknown,unknown,from_empty_or_initial,2,failed,4,4,98.6,,75.0,opening_occlusion|opening_relocated|opening_removed|opening_resized|opening_resized_major|opening_resized_minor,,,0.807,fail,,logs.1779954006410.log
job_eb439f06-88f5-4926-9e7f-f809a833d64a,2026-06-01,2026-06-01T23:39:41.932667042Z,unknown,bedroom,from_empty_or_initial,0,complete,2,2,51.2,,50.0,opening_occlusion|opening_resized|opening_resized_minor,,,0.806,pass,,logs.1780359504093.log
job_936bbccd-2d06-4815-909a-dfbb996519d8,2026-06-01,2026-06-01T23:49:09.679449896Z,unknown,bedroom,refresh,0,complete,2,2,27.4,,0.0,opening_occlusion|opening_resized|opening_resized_minor,,,0.806,pass,,logs.1780359504093.log
job_f8490b26-2e7e-4e8d-82f2-1dcf33a71634,2026-06-03,2026-06-03T00:43:50.703980565Z,unknown,bedroom,from_empty_or_initial,0,complete,2,2,,,0.0,opening_resized|opening_resized_minor,,,0.806,pass,,logs.1780451338286.log
job_a043ecf0-b6fe-4467-9381-afff19be80a7,2026-06-03,2026-06-03T08:31:16.350824568Z,unknown,unknown,refresh,2,complete,,,,,,,,,0.998,pass,,logs.1780475965355.log
job_a54cb97f-3e46-4508-a555-6ad5f450de4d,2026-06-03,2026-06-03T08:33:47.186848076Z,unknown,bedroom,from_empty_or_initial,0,complete,3,3,,,0.0,opening_relocated|opening_resized|opening_resized_minor,,,0.808,pass,,logs.1780475965355.log
job_2a539fb3-462b-4240-8a30-c376a691368e,2026-06-04,2026-06-04T03:27:02.738090016Z,unknown,dining_room,from_empty_or_initial,0,complete,2,3,,,0.0,opening_resized|opening_resized_minor,,,0.808,pass,,logs.1780543989985.log
job_57e4a486-6279-407a-9a97-63befacc2919,2026-06-04,2026-06-04T03:27:03.823524725Z,unknown,bedroom,from_empty_or_initial,0,complete,3,3,,,0.0,,,,0.808,pass,,logs.1780543989985.log
job_ba45ea02-680d-4dd3-850c-7bda7faf3d65,2026-06-04,2026-06-04T03:27:04.842662686Z,unknown,bedroom,from_empty_or_initial,0,complete,3,3,,,0.0,opening_relocated|opening_resized|opening_resized_minor,,,0.808,pass,,logs.1780543989985.log
job_6704f869-7e09-4069-8246-2d77d889b588,2026-06-04,2026-06-04T21:37:11.232714017Z,single_pass,bedroom,from_empty_or_initial,0,complete,2,2,,,0.0,opening_occlusion|opening_resized|opening_resized_minor,,,0.808,pass,,logs.1780610139372.log
job_f36b4e4d-977a-42b1-b2c2-189ff45be0a2,2026-06-04,2026-06-04T23:03:20.666900576Z,single_pass,bedroom,from_empty_or_initial,0,complete,2,2,,,0.0,opening_resized|opening_resized_minor,,,1.0,pass,,logs.1780614356602.log
job_f4717a6d-6e69-438d-9efc-9b8d548164fb,2026-06-10,2026-06-10T08:11:04.392603523Z,single_pass,living_dining,from_empty_or_initial,1,complete,5,5,79.4,,0.0,opening_occlusion|opening_resized|opening_resized_minor,,,0.807,pass,,logs.1781080123069.log
job_fa7092b1-30b1-4540-94e5-af79e64106c3,2026-06-10,2026-06-10T08:16:36.711938550Z,single_pass,living_dining,retry_stage2_only,1,complete,5,5,27.6,,40.0,opening_relocated|opening_removed|opening_resized,,,0.802,pass,,logs.1781080123069.log
job_a8b56888-f511-4334-b9c2-4ba5222c5292,2026-06-10,2026-06-10T08:52:41.623797338Z,single_pass,unknown,from_empty_or_initial,1,complete,5,5,30.9,,0.0,opening_occlusion|opening_resized|opening_resized_minor,,,0.807,pass,,logs.1781215761750.log
job_258dfbda-7810-4102-81c8-5e5964edda45,2026-06-10,2026-06-10T09:03:33.146728529Z,single_pass,living_dining,retry_stage2_only,0,complete,5,5,,,20.0,,,,0.8,pass,,logs.1781215761750.log
job_615b426d-b2fd-4b44-888b-52caae720803,2026-06-10,2026-06-10T22:34:40.294027694Z,single_pass,bedroom,from_empty_or_initial,1,complete,2,2,,,0.0,,,,0.808,pass,,logs.1781215761750.log
job_b9a952c0-e6fa-42f7-9e67-649dd66f37e0,2026-06-10,2026-06-10T22:34:40.294063887Z,single_pass,bedroom,from_empty_or_initial,1,complete,2,2,,,50.0,opening_occlusion|opening_resized|opening_resized_minor,,,1.0,pass,,logs.1781215761750.log
job_24e7809e-f094-48af-96da-d19219f3cdf2,2026-06-10,2026-06-10T22:34:42.005279020Z,single_pass,living_dining,from_empty_or_initial,1,complete,4,4,,,0.0,opening_occlusion|opening_resized|opening_resized_minor,,,0.807,pass,,logs.1781215761750.log
job_05d0e161-dcb2-4a51-b4e5-2d245ce0691d,2026-06-10,2026-06-10T22:34:48.662097456Z,single_pass,bedroom,from_empty_or_initial,1,complete,2,2,,,50.0,opening_relocated|opening_resized|opening_resized_minor,,,0.807,pass,,logs.1781215761750.log
job_1b06a380-9832-4bcb-9624-da9906170c6e,2026-06-10,2026-06-10T22:38:13.952812099Z,single_pass,bedroom,retry_stage2_only,0,complete,2,2,,,0.0,,,,0.796,pass,,logs.1781215761750.log
job_ccfc5e12-399c-479c-adf7-a2aa5db2d421,2026-06-10,2026-06-10T22:38:38.896556711Z,single_pass,bedroom,retry_stage2_only,0,complete,2,2,,,100.0,,,,0.778,pass,,logs.1781215761750.log
job_42b1f18c-6a2a-400d-b392-86ba4d0ec410,2026-06-10,2026-06-10T22:39:39.274625449Z,single_pass,living_dining,retry_stage2_only,1,complete,4,4,,,0.0,,,,0.988,fail,,logs.1781215761750.log
job_74575ead-6839-4166-929d-0cceae6f0423,2026-06-11,2026-06-11T23:32:41.983824447Z,single_pass,bedroom,from_empty_or_initial,0,complete,1,1,,,0.0,opening_resized|opening_resized_minor,,,0.807,pass,,logs.1781224601398.log
job_be4a2ffe-4579-41b2-848d-ba8db14d1004,2026-06-11,2026-06-11T23:32:41.983869928Z,single_pass,bedroom,from_empty_or_initial,0,complete,1,2,,,100.0,opening_resized,,,0.807,pass,,logs.1781224601398.log
job_535e808f-922e-4c2e-afe8-6727f7e50ccd,2026-06-11,2026-06-11T23:32:42.202459688Z,single_pass,bedroom,from_empty_or_initial,0,complete,2,2,,,50.0,opening_resized|opening_resized_minor,,,0.807,pass,,logs.1781224601398.log
job_7f20da5f-35fb-480b-9efe-81b0bcee56c4,2026-06-11,2026-06-11T23:32:44.994516902Z,single_pass,living_room,from_empty_or_initial,1,complete,1,1,,,0.0,opening_resized|opening_resized_minor,,,0.807,pass,,logs.1781224601398.log
job_82c8bf11-0b02-4b3b-b2e7-25cb2e4763be,2026-06-11,2026-06-11T23:38:03.153278851Z,single_pass,living_room,retry_stage2_only,1,complete,1,1,,,100.0,opening_relocated,,,0.991,pass,,logs.1781224601398.log
